ID,Sentence A,Sentence B
1,52. 나는 언제든지 제어권 전환을 할 수 있는 자세를 유지합니다. ,56. 나는 주변 차량들이 불안한 움직임을 보일 때에는 자율 주행 기능을 사용하지 않고 직접 운전을 합니다. 
2,52. 나는 언제든지 제어권 전환을 할 수 있는 자세를 유지합니다. ,15. 어떠한 비운전과업 중이더라도 제어권 전환 요청이 오면 나는 즉시 대응합니다. 
3,52. 나는 언제든지 제어권 전환을 할 수 있는 자세를 유지합니다. ,6. 자율 주행 시스템이 활성화된 상태에서도 나는 지속적으로 도로 환경을 감시하고 잠재적인 위험을 예측합니다. 
4,52. 나는 언제든지 제어권 전환을 할 수 있는 자세를 유지합니다. ,24. 잠재적인 수동 운전 개입에 대비하여 시스템의 경고 지표를 주기적으로 확인합니다. 
5,52. 나는 언제든지 제어권 전환을 할 수 있는 자세를 유지합니다. ,27. 자율 주행 시스템이 작동 중일 때 비운전과업을 하지 않고 경각심을 지닌 상태를 유지합니다. 
6,52. 나는 언제든지 제어권 전환을 할 수 있는 자세를 유지합니다. ,28. 언제든지 자율 주행 시스템의 제어권을 수동으로 가져올 준비가 되어있습니다. 
7,52. 나는 언제든지 제어권 전환을 할 수 있는 자세를 유지합니다. ,"58. 나는 자율 주행 기능이 활성화 된 중에도 최대한 운전 외에 다른 활동을 피하며, 주의 집중은 운전 환경에 쏟습니다. "
8,52. 나는 언제든지 제어권 전환을 할 수 있는 자세를 유지합니다. ,3. 나는 공격적인 기동을 피하고 안전한 제한 속도로 운전합니다. 
9,52. 나는 언제든지 제어권 전환을 할 수 있는 자세를 유지합니다. ,5. 나는 갑작스러운 도로 상황 변화나 시스템 오작동과 같은 비상 상황에 대응할 준비가 되어 있습니다. 
10,52. 나는 언제든지 제어권 전환을 할 수 있는 자세를 유지합니다. ,32. 나는 자율 주행 내내 안전 벨트를 하고 있습니다. 
11,52. 나는 언제든지 제어권 전환을 할 수 있는 자세를 유지합니다. ,63. 나는 자율주행 중에도 발을 브레이크 근처에 둡니다. 
12,52. 나는 언제든지 제어권 전환을 할 수 있는 자세를 유지합니다. ,31. 나는 자율 주행 동안 핸들 가까이에 손을 둡니다. 
13,52. 나는 언제든지 제어권 전환을 할 수 있는 자세를 유지합니다. ,1. 나는 도로를 적극적으로 관찰하고 후방 거울을 점검하여 자율 주행 시스템을 보조합니다. 
14,52. 나는 언제든지 제어권 전환을 할 수 있는 자세를 유지합니다. ,4. 나는 자동 운전 중에도 제어권 전환에 대한 경각심을 가지고 있습니다. 
15,52. 나는 언제든지 제어권 전환을 할 수 있는 자세를 유지합니다. ,50. 나는 주행에 영향을 미칠 수 있는 상태(약물 복용 등)에서 자율주행 차를 사용합니다. 
16,52. 나는 언제든지 제어권 전환을 할 수 있는 자세를 유지합니다. ,7. 나는 자율 주행 시스템이 완벽하게 처리할 수 있다고 믿고 빙판길이나 미끄러운 도로에서 거침없이 빠르게 운전합니다. 
17,52. 나는 언제든지 제어권 전환을 할 수 있는 자세를 유지합니다. ,49. 나는 자율주행 중 숙면합니다. 
18,52. 나는 언제든지 제어권 전환을 할 수 있는 자세를 유지합니다. ,30. 자율 주행 시스템을 재미로 과속운전 하는 데에 사용합니다. 
19,52. 나는 언제든지 제어권 전환을 할 수 있는 자세를 유지합니다. ,14. 나는 제어권 전환 요청을 무시합니다. 
20,52. 나는 언제든지 제어권 전환을 할 수 있는 자세를 유지합니다. ,48. 나는 자율주행 사용 중 운전자석을 이탈합니다. 
21,52. 나는 언제든지 제어권 전환을 할 수 있는 자세를 유지합니다. ,2. 나는 자율 주행 시스템이 충돌을 방지할 것이라고 가정하고 수동 운전 중에 차량 간 안전 거리를 확보하지 않고 다른 차량을 추월하려고 시도합니다. 
22,52. 나는 언제든지 제어권 전환을 할 수 있는 자세를 유지합니다. ,13. 나는 조건부 자율 주행 차량의 시스템 경고나 알람을 무시합니다. 
23,52. 나는 언제든지 제어권 전환을 할 수 있는 자세를 유지합니다. ,16. 나는 금지되거나 위험한 상황에서 조건부 자율 주행 시스템의 기능의 한계를 테스트하기 위해 의도적으로 시스템을 사용합니다. 
24,52. 나는 언제든지 제어권 전환을 할 수 있는 자세를 유지합니다. ,8. 나는 자율 주행 시스템에 잠재적인 운전자 개입이 필요한 경우에도 비운전과업에 참여합니다. 
25,52. 나는 언제든지 제어권 전환을 할 수 있는 자세를 유지합니다. ,39. 나는 페달에 발을 올리지 않고 다른 곳에 발을 위치하는 (e.g. 아빠다리) 자세를 취합니다. 
26,52. 나는 언제든지 제어권 전환을 할 수 있는 자세를 유지합니다. ,"40. 나는 제어권 전환 등과 같이 직접 운전을 해야 하는 상황에서 시야를 가릴만한 곳에 비운전과업 장치(e.g. 핸드폰, 태블릿)나 물품을 둡니다. "
27,52. 나는 언제든지 제어권 전환을 할 수 있는 자세를 유지합니다. ,12. 나는 조건부 자율 주행 차량의 운영 설계상의 한계를 무시합니다. 
28,52. 나는 언제든지 제어권 전환을 할 수 있는 자세를 유지합니다. ,35. 나는 시각적 주의를 많이 필요로 하는 비운전과업을 선택합니다. 
29,52. 나는 언제든지 제어권 전환을 할 수 있는 자세를 유지합니다. ,44. 나는 자율 주행 기능이 비활성화되어 제어권 전환 요청이 올 때 최대한 늦게 이것을 받습니다. 
30,56. 나는 주변 차량들이 불안한 움직임을 보일 때에는 자율 주행 기능을 사용하지 않고 직접 운전을 합니다. ,15. 어떠한 비운전과업 중이더라도 제어권 전환 요청이 오면 나는 즉시 대응합니다. 
31,56. 나는 주변 차량들이 불안한 움직임을 보일 때에는 자율 주행 기능을 사용하지 않고 직접 운전을 합니다. ,6. 자율 주행 시스템이 활성화된 상태에서도 나는 지속적으로 도로 환경을 감시하고 잠재적인 위험을 예측합니다. 
32,56. 나는 주변 차량들이 불안한 움직임을 보일 때에는 자율 주행 기능을 사용하지 않고 직접 운전을 합니다. ,24. 잠재적인 수동 운전 개입에 대비하여 시스템의 경고 지표를 주기적으로 확인합니다. 
33,56. 나는 주변 차량들이 불안한 움직임을 보일 때에는 자율 주행 기능을 사용하지 않고 직접 운전을 합니다. ,27. 자율 주행 시스템이 작동 중일 때 비운전과업을 하지 않고 경각심을 지닌 상태를 유지합니다. 
34,56. 나는 주변 차량들이 불안한 움직임을 보일 때에는 자율 주행 기능을 사용하지 않고 직접 운전을 합니다. ,28. 언제든지 자율 주행 시스템의 제어권을 수동으로 가져올 준비가 되어있습니다. 
35,56. 나는 주변 차량들이 불안한 움직임을 보일 때에는 자율 주행 기능을 사용하지 않고 직접 운전을 합니다. ,"58. 나는 자율 주행 기능이 활성화 된 중에도 최대한 운전 외에 다른 활동을 피하며, 주의 집중은 운전 환경에 쏟습니다. "
36,56. 나는 주변 차량들이 불안한 움직임을 보일 때에는 자율 주행 기능을 사용하지 않고 직접 운전을 합니다. ,3. 나는 공격적인 기동을 피하고 안전한 제한 속도로 운전합니다. 
37,56. 나는 주변 차량들이 불안한 움직임을 보일 때에는 자율 주행 기능을 사용하지 않고 직접 운전을 합니다. ,5. 나는 갑작스러운 도로 상황 변화나 시스템 오작동과 같은 비상 상황에 대응할 준비가 되어 있습니다. 
38,56. 나는 주변 차량들이 불안한 움직임을 보일 때에는 자율 주행 기능을 사용하지 않고 직접 운전을 합니다. ,32. 나는 자율 주행 내내 안전 벨트를 하고 있습니다. 
39,56. 나는 주변 차량들이 불안한 움직임을 보일 때에는 자율 주행 기능을 사용하지 않고 직접 운전을 합니다. ,63. 나는 자율주행 중에도 발을 브레이크 근처에 둡니다. 
40,56. 나는 주변 차량들이 불안한 움직임을 보일 때에는 자율 주행 기능을 사용하지 않고 직접 운전을 합니다. ,31. 나는 자율 주행 동안 핸들 가까이에 손을 둡니다. 
41,56. 나는 주변 차량들이 불안한 움직임을 보일 때에는 자율 주행 기능을 사용하지 않고 직접 운전을 합니다. ,1. 나는 도로를 적극적으로 관찰하고 후방 거울을 점검하여 자율 주행 시스템을 보조합니다. 
42,56. 나는 주변 차량들이 불안한 움직임을 보일 때에는 자율 주행 기능을 사용하지 않고 직접 운전을 합니다. ,4. 나는 자동 운전 중에도 제어권 전환에 대한 경각심을 가지고 있습니다. 
43,56. 나는 주변 차량들이 불안한 움직임을 보일 때에는 자율 주행 기능을 사용하지 않고 직접 운전을 합니다. ,50. 나는 주행에 영향을 미칠 수 있는 상태(약물 복용 등)에서 자율주행 차를 사용합니다. 
44,56. 나는 주변 차량들이 불안한 움직임을 보일 때에는 자율 주행 기능을 사용하지 않고 직접 운전을 합니다. ,7. 나는 자율 주행 시스템이 완벽하게 처리할 수 있다고 믿고 빙판길이나 미끄러운 도로에서 거침없이 빠르게 운전합니다. 
45,56. 나는 주변 차량들이 불안한 움직임을 보일 때에는 자율 주행 기능을 사용하지 않고 직접 운전을 합니다. ,49. 나는 자율주행 중 숙면합니다. 
46,56. 나는 주변 차량들이 불안한 움직임을 보일 때에는 자율 주행 기능을 사용하지 않고 직접 운전을 합니다. ,30. 자율 주행 시스템을 재미로 과속운전 하는 데에 사용합니다. 
47,56. 나는 주변 차량들이 불안한 움직임을 보일 때에는 자율 주행 기능을 사용하지 않고 직접 운전을 합니다. ,14. 나는 제어권 전환 요청을 무시합니다. 
48,56. 나는 주변 차량들이 불안한 움직임을 보일 때에는 자율 주행 기능을 사용하지 않고 직접 운전을 합니다. ,48. 나는 자율주행 사용 중 운전자석을 이탈합니다. 
49,56. 나는 주변 차량들이 불안한 움직임을 보일 때에는 자율 주행 기능을 사용하지 않고 직접 운전을 합니다. ,2. 나는 자율 주행 시스템이 충돌을 방지할 것이라고 가정하고 수동 운전 중에 차량 간 안전 거리를 확보하지 않고 다른 차량을 추월하려고 시도합니다. 
50,56. 나는 주변 차량들이 불안한 움직임을 보일 때에는 자율 주행 기능을 사용하지 않고 직접 운전을 합니다. ,13. 나는 조건부 자율 주행 차량의 시스템 경고나 알람을 무시합니다. 
51,56. 나는 주변 차량들이 불안한 움직임을 보일 때에는 자율 주행 기능을 사용하지 않고 직접 운전을 합니다. ,16. 나는 금지되거나 위험한 상황에서 조건부 자율 주행 시스템의 기능의 한계를 테스트하기 위해 의도적으로 시스템을 사용합니다. 
52,56. 나는 주변 차량들이 불안한 움직임을 보일 때에는 자율 주행 기능을 사용하지 않고 직접 운전을 합니다. ,8. 나는 자율 주행 시스템에 잠재적인 운전자 개입이 필요한 경우에도 비운전과업에 참여합니다. 
53,56. 나는 주변 차량들이 불안한 움직임을 보일 때에는 자율 주행 기능을 사용하지 않고 직접 운전을 합니다. ,39. 나는 페달에 발을 올리지 않고 다른 곳에 발을 위치하는 (e.g. 아빠다리) 자세를 취합니다. 
54,56. 나는 주변 차량들이 불안한 움직임을 보일 때에는 자율 주행 기능을 사용하지 않고 직접 운전을 합니다. ,"40. 나는 제어권 전환 등과 같이 직접 운전을 해야 하는 상황에서 시야를 가릴만한 곳에 비운전과업 장치(e.g. 핸드폰, 태블릿)나 물품을 둡니다. "
55,56. 나는 주변 차량들이 불안한 움직임을 보일 때에는 자율 주행 기능을 사용하지 않고 직접 운전을 합니다. ,12. 나는 조건부 자율 주행 차량의 운영 설계상의 한계를 무시합니다. 
56,56. 나는 주변 차량들이 불안한 움직임을 보일 때에는 자율 주행 기능을 사용하지 않고 직접 운전을 합니다. ,35. 나는 시각적 주의를 많이 필요로 하는 비운전과업을 선택합니다. 
57,56. 나는 주변 차량들이 불안한 움직임을 보일 때에는 자율 주행 기능을 사용하지 않고 직접 운전을 합니다. ,44. 나는 자율 주행 기능이 비활성화되어 제어권 전환 요청이 올 때 최대한 늦게 이것을 받습니다. 
58,15. 어떠한 비운전과업 중이더라도 제어권 전환 요청이 오면 나는 즉시 대응합니다. ,6. 자율 주행 시스템이 활성화된 상태에서도 나는 지속적으로 도로 환경을 감시하고 잠재적인 위험을 예측합니다. 
59,15. 어떠한 비운전과업 중이더라도 제어권 전환 요청이 오면 나는 즉시 대응합니다. ,24. 잠재적인 수동 운전 개입에 대비하여 시스템의 경고 지표를 주기적으로 확인합니다. 
60,15. 어떠한 비운전과업 중이더라도 제어권 전환 요청이 오면 나는 즉시 대응합니다. ,27. 자율 주행 시스템이 작동 중일 때 비운전과업을 하지 않고 경각심을 지닌 상태를 유지합니다. 
61,15. 어떠한 비운전과업 중이더라도 제어권 전환 요청이 오면 나는 즉시 대응합니다. ,28. 언제든지 자율 주행 시스템의 제어권을 수동으로 가져올 준비가 되어있습니다. 
62,15. 어떠한 비운전과업 중이더라도 제어권 전환 요청이 오면 나는 즉시 대응합니다. ,"58. 나는 자율 주행 기능이 활성화 된 중에도 최대한 운전 외에 다른 활동을 피하며, 주의 집중은 운전 환경에 쏟습니다. "
63,15. 어떠한 비운전과업 중이더라도 제어권 전환 요청이 오면 나는 즉시 대응합니다. ,3. 나는 공격적인 기동을 피하고 안전한 제한 속도로 운전합니다. 
64,15. 어떠한 비운전과업 중이더라도 제어권 전환 요청이 오면 나는 즉시 대응합니다. ,5. 나는 갑작스러운 도로 상황 변화나 시스템 오작동과 같은 비상 상황에 대응할 준비가 되어 있습니다. 
65,15. 어떠한 비운전과업 중이더라도 제어권 전환 요청이 오면 나는 즉시 대응합니다. ,32. 나는 자율 주행 내내 안전 벨트를 하고 있습니다. 
66,15. 어떠한 비운전과업 중이더라도 제어권 전환 요청이 오면 나는 즉시 대응합니다. ,63. 나는 자율주행 중에도 발을 브레이크 근처에 둡니다. 
67,15. 어떠한 비운전과업 중이더라도 제어권 전환 요청이 오면 나는 즉시 대응합니다. ,31. 나는 자율 주행 동안 핸들 가까이에 손을 둡니다. 
68,15. 어떠한 비운전과업 중이더라도 제어권 전환 요청이 오면 나는 즉시 대응합니다. ,1. 나는 도로를 적극적으로 관찰하고 후방 거울을 점검하여 자율 주행 시스템을 보조합니다. 
69,15. 어떠한 비운전과업 중이더라도 제어권 전환 요청이 오면 나는 즉시 대응합니다. ,4. 나는 자동 운전 중에도 제어권 전환에 대한 경각심을 가지고 있습니다. 
70,15. 어떠한 비운전과업 중이더라도 제어권 전환 요청이 오면 나는 즉시 대응합니다. ,50. 나는 주행에 영향을 미칠 수 있는 상태(약물 복용 등)에서 자율주행 차를 사용합니다. 
71,15. 어떠한 비운전과업 중이더라도 제어권 전환 요청이 오면 나는 즉시 대응합니다. ,7. 나는 자율 주행 시스템이 완벽하게 처리할 수 있다고 믿고 빙판길이나 미끄러운 도로에서 거침없이 빠르게 운전합니다. 
72,15. 어떠한 비운전과업 중이더라도 제어권 전환 요청이 오면 나는 즉시 대응합니다. ,49. 나는 자율주행 중 숙면합니다. 
73,15. 어떠한 비운전과업 중이더라도 제어권 전환 요청이 오면 나는 즉시 대응합니다. ,30. 자율 주행 시스템을 재미로 과속운전 하는 데에 사용합니다. 
74,15. 어떠한 비운전과업 중이더라도 제어권 전환 요청이 오면 나는 즉시 대응합니다. ,14. 나는 제어권 전환 요청을 무시합니다. 
75,15. 어떠한 비운전과업 중이더라도 제어권 전환 요청이 오면 나는 즉시 대응합니다. ,48. 나는 자율주행 사용 중 운전자석을 이탈합니다. 
76,15. 어떠한 비운전과업 중이더라도 제어권 전환 요청이 오면 나는 즉시 대응합니다. ,2. 나는 자율 주행 시스템이 충돌을 방지할 것이라고 가정하고 수동 운전 중에 차량 간 안전 거리를 확보하지 않고 다른 차량을 추월하려고 시도합니다. 
77,15. 어떠한 비운전과업 중이더라도 제어권 전환 요청이 오면 나는 즉시 대응합니다. ,13. 나는 조건부 자율 주행 차량의 시스템 경고나 알람을 무시합니다. 
78,15. 어떠한 비운전과업 중이더라도 제어권 전환 요청이 오면 나는 즉시 대응합니다. ,16. 나는 금지되거나 위험한 상황에서 조건부 자율 주행 시스템의 기능의 한계를 테스트하기 위해 의도적으로 시스템을 사용합니다. 
79,15. 어떠한 비운전과업 중이더라도 제어권 전환 요청이 오면 나는 즉시 대응합니다. ,8. 나는 자율 주행 시스템에 잠재적인 운전자 개입이 필요한 경우에도 비운전과업에 참여합니다. 
80,15. 어떠한 비운전과업 중이더라도 제어권 전환 요청이 오면 나는 즉시 대응합니다. ,39. 나는 페달에 발을 올리지 않고 다른 곳에 발을 위치하는 (e.g. 아빠다리) 자세를 취합니다. 
81,15. 어떠한 비운전과업 중이더라도 제어권 전환 요청이 오면 나는 즉시 대응합니다. ,"40. 나는 제어권 전환 등과 같이 직접 운전을 해야 하는 상황에서 시야를 가릴만한 곳에 비운전과업 장치(e.g. 핸드폰, 태블릿)나 물품을 둡니다. "
82,15. 어떠한 비운전과업 중이더라도 제어권 전환 요청이 오면 나는 즉시 대응합니다. ,12. 나는 조건부 자율 주행 차량의 운영 설계상의 한계를 무시합니다. 
83,15. 어떠한 비운전과업 중이더라도 제어권 전환 요청이 오면 나는 즉시 대응합니다. ,35. 나는 시각적 주의를 많이 필요로 하는 비운전과업을 선택합니다. 
84,15. 어떠한 비운전과업 중이더라도 제어권 전환 요청이 오면 나는 즉시 대응합니다. ,44. 나는 자율 주행 기능이 비활성화되어 제어권 전환 요청이 올 때 최대한 늦게 이것을 받습니다. 
85,6. 자율 주행 시스템이 활성화된 상태에서도 나는 지속적으로 도로 환경을 감시하고 잠재적인 위험을 예측합니다. ,24. 잠재적인 수동 운전 개입에 대비하여 시스템의 경고 지표를 주기적으로 확인합니다. 
86,6. 자율 주행 시스템이 활성화된 상태에서도 나는 지속적으로 도로 환경을 감시하고 잠재적인 위험을 예측합니다. ,27. 자율 주행 시스템이 작동 중일 때 비운전과업을 하지 않고 경각심을 지닌 상태를 유지합니다. 
87,6. 자율 주행 시스템이 활성화된 상태에서도 나는 지속적으로 도로 환경을 감시하고 잠재적인 위험을 예측합니다. ,28. 언제든지 자율 주행 시스템의 제어권을 수동으로 가져올 준비가 되어있습니다. 
88,6. 자율 주행 시스템이 활성화된 상태에서도 나는 지속적으로 도로 환경을 감시하고 잠재적인 위험을 예측합니다. ,"58. 나는 자율 주행 기능이 활성화 된 중에도 최대한 운전 외에 다른 활동을 피하며, 주의 집중은 운전 환경에 쏟습니다. "
89,6. 자율 주행 시스템이 활성화된 상태에서도 나는 지속적으로 도로 환경을 감시하고 잠재적인 위험을 예측합니다. ,3. 나는 공격적인 기동을 피하고 안전한 제한 속도로 운전합니다. 
90,6. 자율 주행 시스템이 활성화된 상태에서도 나는 지속적으로 도로 환경을 감시하고 잠재적인 위험을 예측합니다. ,5. 나는 갑작스러운 도로 상황 변화나 시스템 오작동과 같은 비상 상황에 대응할 준비가 되어 있습니다. 
91,6. 자율 주행 시스템이 활성화된 상태에서도 나는 지속적으로 도로 환경을 감시하고 잠재적인 위험을 예측합니다. ,32. 나는 자율 주행 내내 안전 벨트를 하고 있습니다. 
92,6. 자율 주행 시스템이 활성화된 상태에서도 나는 지속적으로 도로 환경을 감시하고 잠재적인 위험을 예측합니다. ,63. 나는 자율주행 중에도 발을 브레이크 근처에 둡니다. 
93,6. 자율 주행 시스템이 활성화된 상태에서도 나는 지속적으로 도로 환경을 감시하고 잠재적인 위험을 예측합니다. ,31. 나는 자율 주행 동안 핸들 가까이에 손을 둡니다. 
94,6. 자율 주행 시스템이 활성화된 상태에서도 나는 지속적으로 도로 환경을 감시하고 잠재적인 위험을 예측합니다. ,1. 나는 도로를 적극적으로 관찰하고 후방 거울을 점검하여 자율 주행 시스템을 보조합니다. 
95,6. 자율 주행 시스템이 활성화된 상태에서도 나는 지속적으로 도로 환경을 감시하고 잠재적인 위험을 예측합니다. ,4. 나는 자동 운전 중에도 제어권 전환에 대한 경각심을 가지고 있습니다. 
96,6. 자율 주행 시스템이 활성화된 상태에서도 나는 지속적으로 도로 환경을 감시하고 잠재적인 위험을 예측합니다. ,50. 나는 주행에 영향을 미칠 수 있는 상태(약물 복용 등)에서 자율주행 차를 사용합니다. 
97,6. 자율 주행 시스템이 활성화된 상태에서도 나는 지속적으로 도로 환경을 감시하고 잠재적인 위험을 예측합니다. ,7. 나는 자율 주행 시스템이 완벽하게 처리할 수 있다고 믿고 빙판길이나 미끄러운 도로에서 거침없이 빠르게 운전합니다. 
98,6. 자율 주행 시스템이 활성화된 상태에서도 나는 지속적으로 도로 환경을 감시하고 잠재적인 위험을 예측합니다. ,49. 나는 자율주행 중 숙면합니다. 
99,6. 자율 주행 시스템이 활성화된 상태에서도 나는 지속적으로 도로 환경을 감시하고 잠재적인 위험을 예측합니다. ,30. 자율 주행 시스템을 재미로 과속운전 하는 데에 사용합니다. 
100,6. 자율 주행 시스템이 활성화된 상태에서도 나는 지속적으로 도로 환경을 감시하고 잠재적인 위험을 예측합니다. ,14. 나는 제어권 전환 요청을 무시합니다. 
101,6. 자율 주행 시스템이 활성화된 상태에서도 나는 지속적으로 도로 환경을 감시하고 잠재적인 위험을 예측합니다. ,48. 나는 자율주행 사용 중 운전자석을 이탈합니다. 
102,6. 자율 주행 시스템이 활성화된 상태에서도 나는 지속적으로 도로 환경을 감시하고 잠재적인 위험을 예측합니다. ,2. 나는 자율 주행 시스템이 충돌을 방지할 것이라고 가정하고 수동 운전 중에 차량 간 안전 거리를 확보하지 않고 다른 차량을 추월하려고 시도합니다. 
103,6. 자율 주행 시스템이 활성화된 상태에서도 나는 지속적으로 도로 환경을 감시하고 잠재적인 위험을 예측합니다. ,13. 나는 조건부 자율 주행 차량의 시스템 경고나 알람을 무시합니다. 
104,6. 자율 주행 시스템이 활성화된 상태에서도 나는 지속적으로 도로 환경을 감시하고 잠재적인 위험을 예측합니다. ,16. 나는 금지되거나 위험한 상황에서 조건부 자율 주행 시스템의 기능의 한계를 테스트하기 위해 의도적으로 시스템을 사용합니다. 
105,6. 자율 주행 시스템이 활성화된 상태에서도 나는 지속적으로 도로 환경을 감시하고 잠재적인 위험을 예측합니다. ,8. 나는 자율 주행 시스템에 잠재적인 운전자 개입이 필요한 경우에도 비운전과업에 참여합니다. 
106,6. 자율 주행 시스템이 활성화된 상태에서도 나는 지속적으로 도로 환경을 감시하고 잠재적인 위험을 예측합니다. ,39. 나는 페달에 발을 올리지 않고 다른 곳에 발을 위치하는 (e.g. 아빠다리) 자세를 취합니다. 
107,6. 자율 주행 시스템이 활성화된 상태에서도 나는 지속적으로 도로 환경을 감시하고 잠재적인 위험을 예측합니다. ,"40. 나는 제어권 전환 등과 같이 직접 운전을 해야 하는 상황에서 시야를 가릴만한 곳에 비운전과업 장치(e.g. 핸드폰, 태블릿)나 물품을 둡니다. "
108,6. 자율 주행 시스템이 활성화된 상태에서도 나는 지속적으로 도로 환경을 감시하고 잠재적인 위험을 예측합니다. ,12. 나는 조건부 자율 주행 차량의 운영 설계상의 한계를 무시합니다. 
109,6. 자율 주행 시스템이 활성화된 상태에서도 나는 지속적으로 도로 환경을 감시하고 잠재적인 위험을 예측합니다. ,35. 나는 시각적 주의를 많이 필요로 하는 비운전과업을 선택합니다. 
110,6. 자율 주행 시스템이 활성화된 상태에서도 나는 지속적으로 도로 환경을 감시하고 잠재적인 위험을 예측합니다. ,44. 나는 자율 주행 기능이 비활성화되어 제어권 전환 요청이 올 때 최대한 늦게 이것을 받습니다. 
111,24. 잠재적인 수동 운전 개입에 대비하여 시스템의 경고 지표를 주기적으로 확인합니다. ,27. 자율 주행 시스템이 작동 중일 때 비운전과업을 하지 않고 경각심을 지닌 상태를 유지합니다. 
112,24. 잠재적인 수동 운전 개입에 대비하여 시스템의 경고 지표를 주기적으로 확인합니다. ,28. 언제든지 자율 주행 시스템의 제어권을 수동으로 가져올 준비가 되어있습니다. 
113,24. 잠재적인 수동 운전 개입에 대비하여 시스템의 경고 지표를 주기적으로 확인합니다. ,"58. 나는 자율 주행 기능이 활성화 된 중에도 최대한 운전 외에 다른 활동을 피하며, 주의 집중은 운전 환경에 쏟습니다. "
114,24. 잠재적인 수동 운전 개입에 대비하여 시스템의 경고 지표를 주기적으로 확인합니다. ,3. 나는 공격적인 기동을 피하고 안전한 제한 속도로 운전합니다. 
115,24. 잠재적인 수동 운전 개입에 대비하여 시스템의 경고 지표를 주기적으로 확인합니다. ,5. 나는 갑작스러운 도로 상황 변화나 시스템 오작동과 같은 비상 상황에 대응할 준비가 되어 있습니다. 
116,24. 잠재적인 수동 운전 개입에 대비하여 시스템의 경고 지표를 주기적으로 확인합니다. ,32. 나는 자율 주행 내내 안전 벨트를 하고 있습니다. 
117,24. 잠재적인 수동 운전 개입에 대비하여 시스템의 경고 지표를 주기적으로 확인합니다. ,63. 나는 자율주행 중에도 발을 브레이크 근처에 둡니다. 
118,24. 잠재적인 수동 운전 개입에 대비하여 시스템의 경고 지표를 주기적으로 확인합니다. ,31. 나는 자율 주행 동안 핸들 가까이에 손을 둡니다. 
119,24. 잠재적인 수동 운전 개입에 대비하여 시스템의 경고 지표를 주기적으로 확인합니다. ,1. 나는 도로를 적극적으로 관찰하고 후방 거울을 점검하여 자율 주행 시스템을 보조합니다. 
120,24. 잠재적인 수동 운전 개입에 대비하여 시스템의 경고 지표를 주기적으로 확인합니다. ,4. 나는 자동 운전 중에도 제어권 전환에 대한 경각심을 가지고 있습니다. 
121,24. 잠재적인 수동 운전 개입에 대비하여 시스템의 경고 지표를 주기적으로 확인합니다. ,50. 나는 주행에 영향을 미칠 수 있는 상태(약물 복용 등)에서 자율주행 차를 사용합니다. 
122,24. 잠재적인 수동 운전 개입에 대비하여 시스템의 경고 지표를 주기적으로 확인합니다. ,7. 나는 자율 주행 시스템이 완벽하게 처리할 수 있다고 믿고 빙판길이나 미끄러운 도로에서 거침없이 빠르게 운전합니다. 
123,24. 잠재적인 수동 운전 개입에 대비하여 시스템의 경고 지표를 주기적으로 확인합니다. ,49. 나는 자율주행 중 숙면합니다. 
124,24. 잠재적인 수동 운전 개입에 대비하여 시스템의 경고 지표를 주기적으로 확인합니다. ,30. 자율 주행 시스템을 재미로 과속운전 하는 데에 사용합니다. 
125,24. 잠재적인 수동 운전 개입에 대비하여 시스템의 경고 지표를 주기적으로 확인합니다. ,14. 나는 제어권 전환 요청을 무시합니다. 
126,24. 잠재적인 수동 운전 개입에 대비하여 시스템의 경고 지표를 주기적으로 확인합니다. ,48. 나는 자율주행 사용 중 운전자석을 이탈합니다. 
127,24. 잠재적인 수동 운전 개입에 대비하여 시스템의 경고 지표를 주기적으로 확인합니다. ,2. 나는 자율 주행 시스템이 충돌을 방지할 것이라고 가정하고 수동 운전 중에 차량 간 안전 거리를 확보하지 않고 다른 차량을 추월하려고 시도합니다. 
128,24. 잠재적인 수동 운전 개입에 대비하여 시스템의 경고 지표를 주기적으로 확인합니다. ,13. 나는 조건부 자율 주행 차량의 시스템 경고나 알람을 무시합니다. 
129,24. 잠재적인 수동 운전 개입에 대비하여 시스템의 경고 지표를 주기적으로 확인합니다. ,16. 나는 금지되거나 위험한 상황에서 조건부 자율 주행 시스템의 기능의 한계를 테스트하기 위해 의도적으로 시스템을 사용합니다. 
130,24. 잠재적인 수동 운전 개입에 대비하여 시스템의 경고 지표를 주기적으로 확인합니다. ,8. 나는 자율 주행 시스템에 잠재적인 운전자 개입이 필요한 경우에도 비운전과업에 참여합니다. 
131,24. 잠재적인 수동 운전 개입에 대비하여 시스템의 경고 지표를 주기적으로 확인합니다. ,39. 나는 페달에 발을 올리지 않고 다른 곳에 발을 위치하는 (e.g. 아빠다리) 자세를 취합니다. 
132,24. 잠재적인 수동 운전 개입에 대비하여 시스템의 경고 지표를 주기적으로 확인합니다. ,"40. 나는 제어권 전환 등과 같이 직접 운전을 해야 하는 상황에서 시야를 가릴만한 곳에 비운전과업 장치(e.g. 핸드폰, 태블릿)나 물품을 둡니다. "
133,24. 잠재적인 수동 운전 개입에 대비하여 시스템의 경고 지표를 주기적으로 확인합니다. ,12. 나는 조건부 자율 주행 차량의 운영 설계상의 한계를 무시합니다. 
134,24. 잠재적인 수동 운전 개입에 대비하여 시스템의 경고 지표를 주기적으로 확인합니다. ,35. 나는 시각적 주의를 많이 필요로 하는 비운전과업을 선택합니다. 
135,24. 잠재적인 수동 운전 개입에 대비하여 시스템의 경고 지표를 주기적으로 확인합니다. ,44. 나는 자율 주행 기능이 비활성화되어 제어권 전환 요청이 올 때 최대한 늦게 이것을 받습니다. 
136,27. 자율 주행 시스템이 작동 중일 때 비운전과업을 하지 않고 경각심을 지닌 상태를 유지합니다. ,28. 언제든지 자율 주행 시스템의 제어권을 수동으로 가져올 준비가 되어있습니다. 
137,27. 자율 주행 시스템이 작동 중일 때 비운전과업을 하지 않고 경각심을 지닌 상태를 유지합니다. ,"58. 나는 자율 주행 기능이 활성화 된 중에도 최대한 운전 외에 다른 활동을 피하며, 주의 집중은 운전 환경에 쏟습니다. "
138,27. 자율 주행 시스템이 작동 중일 때 비운전과업을 하지 않고 경각심을 지닌 상태를 유지합니다. ,3. 나는 공격적인 기동을 피하고 안전한 제한 속도로 운전합니다. 
139,27. 자율 주행 시스템이 작동 중일 때 비운전과업을 하지 않고 경각심을 지닌 상태를 유지합니다. ,5. 나는 갑작스러운 도로 상황 변화나 시스템 오작동과 같은 비상 상황에 대응할 준비가 되어 있습니다. 
140,27. 자율 주행 시스템이 작동 중일 때 비운전과업을 하지 않고 경각심을 지닌 상태를 유지합니다. ,32. 나는 자율 주행 내내 안전 벨트를 하고 있습니다. 
141,27. 자율 주행 시스템이 작동 중일 때 비운전과업을 하지 않고 경각심을 지닌 상태를 유지합니다. ,63. 나는 자율주행 중에도 발을 브레이크 근처에 둡니다. 
142,27. 자율 주행 시스템이 작동 중일 때 비운전과업을 하지 않고 경각심을 지닌 상태를 유지합니다. ,31. 나는 자율 주행 동안 핸들 가까이에 손을 둡니다. 
143,27. 자율 주행 시스템이 작동 중일 때 비운전과업을 하지 않고 경각심을 지닌 상태를 유지합니다. ,1. 나는 도로를 적극적으로 관찰하고 후방 거울을 점검하여 자율 주행 시스템을 보조합니다. 
144,27. 자율 주행 시스템이 작동 중일 때 비운전과업을 하지 않고 경각심을 지닌 상태를 유지합니다. ,4. 나는 자동 운전 중에도 제어권 전환에 대한 경각심을 가지고 있습니다. 
145,27. 자율 주행 시스템이 작동 중일 때 비운전과업을 하지 않고 경각심을 지닌 상태를 유지합니다. ,50. 나는 주행에 영향을 미칠 수 있는 상태(약물 복용 등)에서 자율주행 차를 사용합니다. 
146,27. 자율 주행 시스템이 작동 중일 때 비운전과업을 하지 않고 경각심을 지닌 상태를 유지합니다. ,7. 나는 자율 주행 시스템이 완벽하게 처리할 수 있다고 믿고 빙판길이나 미끄러운 도로에서 거침없이 빠르게 운전합니다. 
147,27. 자율 주행 시스템이 작동 중일 때 비운전과업을 하지 않고 경각심을 지닌 상태를 유지합니다. ,49. 나는 자율주행 중 숙면합니다. 
148,27. 자율 주행 시스템이 작동 중일 때 비운전과업을 하지 않고 경각심을 지닌 상태를 유지합니다. ,30. 자율 주행 시스템을 재미로 과속운전 하는 데에 사용합니다. 
149,27. 자율 주행 시스템이 작동 중일 때 비운전과업을 하지 않고 경각심을 지닌 상태를 유지합니다. ,14. 나는 제어권 전환 요청을 무시합니다. 
150,27. 자율 주행 시스템이 작동 중일 때 비운전과업을 하지 않고 경각심을 지닌 상태를 유지합니다. ,48. 나는 자율주행 사용 중 운전자석을 이탈합니다. 
151,27. 자율 주행 시스템이 작동 중일 때 비운전과업을 하지 않고 경각심을 지닌 상태를 유지합니다. ,2. 나는 자율 주행 시스템이 충돌을 방지할 것이라고 가정하고 수동 운전 중에 차량 간 안전 거리를 확보하지 않고 다른 차량을 추월하려고 시도합니다. 
152,27. 자율 주행 시스템이 작동 중일 때 비운전과업을 하지 않고 경각심을 지닌 상태를 유지합니다. ,13. 나는 조건부 자율 주행 차량의 시스템 경고나 알람을 무시합니다. 
153,27. 자율 주행 시스템이 작동 중일 때 비운전과업을 하지 않고 경각심을 지닌 상태를 유지합니다. ,16. 나는 금지되거나 위험한 상황에서 조건부 자율 주행 시스템의 기능의 한계를 테스트하기 위해 의도적으로 시스템을 사용합니다. 
154,27. 자율 주행 시스템이 작동 중일 때 비운전과업을 하지 않고 경각심을 지닌 상태를 유지합니다. ,8. 나는 자율 주행 시스템에 잠재적인 운전자 개입이 필요한 경우에도 비운전과업에 참여합니다. 
155,27. 자율 주행 시스템이 작동 중일 때 비운전과업을 하지 않고 경각심을 지닌 상태를 유지합니다. ,39. 나는 페달에 발을 올리지 않고 다른 곳에 발을 위치하는 (e.g. 아빠다리) 자세를 취합니다. 
156,27. 자율 주행 시스템이 작동 중일 때 비운전과업을 하지 않고 경각심을 지닌 상태를 유지합니다. ,"40. 나는 제어권 전환 등과 같이 직접 운전을 해야 하는 상황에서 시야를 가릴만한 곳에 비운전과업 장치(e.g. 핸드폰, 태블릿)나 물품을 둡니다. "
157,27. 자율 주행 시스템이 작동 중일 때 비운전과업을 하지 않고 경각심을 지닌 상태를 유지합니다. ,12. 나는 조건부 자율 주행 차량의 운영 설계상의 한계를 무시합니다. 
158,27. 자율 주행 시스템이 작동 중일 때 비운전과업을 하지 않고 경각심을 지닌 상태를 유지합니다. ,35. 나는 시각적 주의를 많이 필요로 하는 비운전과업을 선택합니다. 
159,27. 자율 주행 시스템이 작동 중일 때 비운전과업을 하지 않고 경각심을 지닌 상태를 유지합니다. ,44. 나는 자율 주행 기능이 비활성화되어 제어권 전환 요청이 올 때 최대한 늦게 이것을 받습니다. 
160,28. 언제든지 자율 주행 시스템의 제어권을 수동으로 가져올 준비가 되어있습니다. ,"58. 나는 자율 주행 기능이 활성화 된 중에도 최대한 운전 외에 다른 활동을 피하며, 주의 집중은 운전 환경에 쏟습니다. "
161,28. 언제든지 자율 주행 시스템의 제어권을 수동으로 가져올 준비가 되어있습니다. ,3. 나는 공격적인 기동을 피하고 안전한 제한 속도로 운전합니다. 
162,28. 언제든지 자율 주행 시스템의 제어권을 수동으로 가져올 준비가 되어있습니다. ,5. 나는 갑작스러운 도로 상황 변화나 시스템 오작동과 같은 비상 상황에 대응할 준비가 되어 있습니다. 
163,28. 언제든지 자율 주행 시스템의 제어권을 수동으로 가져올 준비가 되어있습니다. ,32. 나는 자율 주행 내내 안전 벨트를 하고 있습니다. 
164,28. 언제든지 자율 주행 시스템의 제어권을 수동으로 가져올 준비가 되어있습니다. ,63. 나는 자율주행 중에도 발을 브레이크 근처에 둡니다. 
165,28. 언제든지 자율 주행 시스템의 제어권을 수동으로 가져올 준비가 되어있습니다. ,31. 나는 자율 주행 동안 핸들 가까이에 손을 둡니다. 
166,28. 언제든지 자율 주행 시스템의 제어권을 수동으로 가져올 준비가 되어있습니다. ,1. 나는 도로를 적극적으로 관찰하고 후방 거울을 점검하여 자율 주행 시스템을 보조합니다. 
167,28. 언제든지 자율 주행 시스템의 제어권을 수동으로 가져올 준비가 되어있습니다. ,4. 나는 자동 운전 중에도 제어권 전환에 대한 경각심을 가지고 있습니다. 
168,28. 언제든지 자율 주행 시스템의 제어권을 수동으로 가져올 준비가 되어있습니다. ,50. 나는 주행에 영향을 미칠 수 있는 상태(약물 복용 등)에서 자율주행 차를 사용합니다. 
169,28. 언제든지 자율 주행 시스템의 제어권을 수동으로 가져올 준비가 되어있습니다. ,7. 나는 자율 주행 시스템이 완벽하게 처리할 수 있다고 믿고 빙판길이나 미끄러운 도로에서 거침없이 빠르게 운전합니다. 
170,28. 언제든지 자율 주행 시스템의 제어권을 수동으로 가져올 준비가 되어있습니다. ,49. 나는 자율주행 중 숙면합니다. 
171,28. 언제든지 자율 주행 시스템의 제어권을 수동으로 가져올 준비가 되어있습니다. ,30. 자율 주행 시스템을 재미로 과속운전 하는 데에 사용합니다. 
172,28. 언제든지 자율 주행 시스템의 제어권을 수동으로 가져올 준비가 되어있습니다. ,14. 나는 제어권 전환 요청을 무시합니다. 
173,28. 언제든지 자율 주행 시스템의 제어권을 수동으로 가져올 준비가 되어있습니다. ,48. 나는 자율주행 사용 중 운전자석을 이탈합니다. 
174,28. 언제든지 자율 주행 시스템의 제어권을 수동으로 가져올 준비가 되어있습니다. ,2. 나는 자율 주행 시스템이 충돌을 방지할 것이라고 가정하고 수동 운전 중에 차량 간 안전 거리를 확보하지 않고 다른 차량을 추월하려고 시도합니다. 
175,28. 언제든지 자율 주행 시스템의 제어권을 수동으로 가져올 준비가 되어있습니다. ,13. 나는 조건부 자율 주행 차량의 시스템 경고나 알람을 무시합니다. 
176,28. 언제든지 자율 주행 시스템의 제어권을 수동으로 가져올 준비가 되어있습니다. ,16. 나는 금지되거나 위험한 상황에서 조건부 자율 주행 시스템의 기능의 한계를 테스트하기 위해 의도적으로 시스템을 사용합니다. 
177,28. 언제든지 자율 주행 시스템의 제어권을 수동으로 가져올 준비가 되어있습니다. ,8. 나는 자율 주행 시스템에 잠재적인 운전자 개입이 필요한 경우에도 비운전과업에 참여합니다. 
178,28. 언제든지 자율 주행 시스템의 제어권을 수동으로 가져올 준비가 되어있습니다. ,39. 나는 페달에 발을 올리지 않고 다른 곳에 발을 위치하는 (e.g. 아빠다리) 자세를 취합니다. 
179,28. 언제든지 자율 주행 시스템의 제어권을 수동으로 가져올 준비가 되어있습니다. ,"40. 나는 제어권 전환 등과 같이 직접 운전을 해야 하는 상황에서 시야를 가릴만한 곳에 비운전과업 장치(e.g. 핸드폰, 태블릿)나 물품을 둡니다. "
180,28. 언제든지 자율 주행 시스템의 제어권을 수동으로 가져올 준비가 되어있습니다. ,12. 나는 조건부 자율 주행 차량의 운영 설계상의 한계를 무시합니다. 
181,28. 언제든지 자율 주행 시스템의 제어권을 수동으로 가져올 준비가 되어있습니다. ,35. 나는 시각적 주의를 많이 필요로 하는 비운전과업을 선택합니다. 
182,28. 언제든지 자율 주행 시스템의 제어권을 수동으로 가져올 준비가 되어있습니다. ,44. 나는 자율 주행 기능이 비활성화되어 제어권 전환 요청이 올 때 최대한 늦게 이것을 받습니다. 
183,"58. 나는 자율 주행 기능이 활성화 된 중에도 최대한 운전 외에 다른 활동을 피하며, 주의 집중은 운전 환경에 쏟습니다. ",3. 나는 공격적인 기동을 피하고 안전한 제한 속도로 운전합니다. 
184,"58. 나는 자율 주행 기능이 활성화 된 중에도 최대한 운전 외에 다른 활동을 피하며, 주의 집중은 운전 환경에 쏟습니다. ",5. 나는 갑작스러운 도로 상황 변화나 시스템 오작동과 같은 비상 상황에 대응할 준비가 되어 있습니다. 
185,"58. 나는 자율 주행 기능이 활성화 된 중에도 최대한 운전 외에 다른 활동을 피하며, 주의 집중은 운전 환경에 쏟습니다. ",32. 나는 자율 주행 내내 안전 벨트를 하고 있습니다. 
186,"58. 나는 자율 주행 기능이 활성화 된 중에도 최대한 운전 외에 다른 활동을 피하며, 주의 집중은 운전 환경에 쏟습니다. ",63. 나는 자율주행 중에도 발을 브레이크 근처에 둡니다. 
187,"58. 나는 자율 주행 기능이 활성화 된 중에도 최대한 운전 외에 다른 활동을 피하며, 주의 집중은 운전 환경에 쏟습니다. ",31. 나는 자율 주행 동안 핸들 가까이에 손을 둡니다. 
188,"58. 나는 자율 주행 기능이 활성화 된 중에도 최대한 운전 외에 다른 활동을 피하며, 주의 집중은 운전 환경에 쏟습니다. ",1. 나는 도로를 적극적으로 관찰하고 후방 거울을 점검하여 자율 주행 시스템을 보조합니다. 
189,"58. 나는 자율 주행 기능이 활성화 된 중에도 최대한 운전 외에 다른 활동을 피하며, 주의 집중은 운전 환경에 쏟습니다. ",4. 나는 자동 운전 중에도 제어권 전환에 대한 경각심을 가지고 있습니다. 
190,"58. 나는 자율 주행 기능이 활성화 된 중에도 최대한 운전 외에 다른 활동을 피하며, 주의 집중은 운전 환경에 쏟습니다. ",50. 나는 주행에 영향을 미칠 수 있는 상태(약물 복용 등)에서 자율주행 차를 사용합니다. 
191,"58. 나는 자율 주행 기능이 활성화 된 중에도 최대한 운전 외에 다른 활동을 피하며, 주의 집중은 운전 환경에 쏟습니다. ",7. 나는 자율 주행 시스템이 완벽하게 처리할 수 있다고 믿고 빙판길이나 미끄러운 도로에서 거침없이 빠르게 운전합니다. 
192,"58. 나는 자율 주행 기능이 활성화 된 중에도 최대한 운전 외에 다른 활동을 피하며, 주의 집중은 운전 환경에 쏟습니다. ",49. 나는 자율주행 중 숙면합니다. 
193,"58. 나는 자율 주행 기능이 활성화 된 중에도 최대한 운전 외에 다른 활동을 피하며, 주의 집중은 운전 환경에 쏟습니다. ",30. 자율 주행 시스템을 재미로 과속운전 하는 데에 사용합니다. 
194,"58. 나는 자율 주행 기능이 활성화 된 중에도 최대한 운전 외에 다른 활동을 피하며, 주의 집중은 운전 환경에 쏟습니다. ",14. 나는 제어권 전환 요청을 무시합니다. 
195,"58. 나는 자율 주행 기능이 활성화 된 중에도 최대한 운전 외에 다른 활동을 피하며, 주의 집중은 운전 환경에 쏟습니다. ",48. 나는 자율주행 사용 중 운전자석을 이탈합니다. 
196,"58. 나는 자율 주행 기능이 활성화 된 중에도 최대한 운전 외에 다른 활동을 피하며, 주의 집중은 운전 환경에 쏟습니다. ",2. 나는 자율 주행 시스템이 충돌을 방지할 것이라고 가정하고 수동 운전 중에 차량 간 안전 거리를 확보하지 않고 다른 차량을 추월하려고 시도합니다. 
197,"58. 나는 자율 주행 기능이 활성화 된 중에도 최대한 운전 외에 다른 활동을 피하며, 주의 집중은 운전 환경에 쏟습니다. ",13. 나는 조건부 자율 주행 차량의 시스템 경고나 알람을 무시합니다. 
198,"58. 나는 자율 주행 기능이 활성화 된 중에도 최대한 운전 외에 다른 활동을 피하며, 주의 집중은 운전 환경에 쏟습니다. ",16. 나는 금지되거나 위험한 상황에서 조건부 자율 주행 시스템의 기능의 한계를 테스트하기 위해 의도적으로 시스템을 사용합니다. 
199,"58. 나는 자율 주행 기능이 활성화 된 중에도 최대한 운전 외에 다른 활동을 피하며, 주의 집중은 운전 환경에 쏟습니다. ",8. 나는 자율 주행 시스템에 잠재적인 운전자 개입이 필요한 경우에도 비운전과업에 참여합니다. 
200,"58. 나는 자율 주행 기능이 활성화 된 중에도 최대한 운전 외에 다른 활동을 피하며, 주의 집중은 운전 환경에 쏟습니다. ",39. 나는 페달에 발을 올리지 않고 다른 곳에 발을 위치하는 (e.g. 아빠다리) 자세를 취합니다. 
201,"58. 나는 자율 주행 기능이 활성화 된 중에도 최대한 운전 외에 다른 활동을 피하며, 주의 집중은 운전 환경에 쏟습니다. ","40. 나는 제어권 전환 등과 같이 직접 운전을 해야 하는 상황에서 시야를 가릴만한 곳에 비운전과업 장치(e.g. 핸드폰, 태블릿)나 물품을 둡니다. "
202,"58. 나는 자율 주행 기능이 활성화 된 중에도 최대한 운전 외에 다른 활동을 피하며, 주의 집중은 운전 환경에 쏟습니다. ",12. 나는 조건부 자율 주행 차량의 운영 설계상의 한계를 무시합니다. 
203,"58. 나는 자율 주행 기능이 활성화 된 중에도 최대한 운전 외에 다른 활동을 피하며, 주의 집중은 운전 환경에 쏟습니다. ",35. 나는 시각적 주의를 많이 필요로 하는 비운전과업을 선택합니다. 
204,"58. 나는 자율 주행 기능이 활성화 된 중에도 최대한 운전 외에 다른 활동을 피하며, 주의 집중은 운전 환경에 쏟습니다. ",44. 나는 자율 주행 기능이 비활성화되어 제어권 전환 요청이 올 때 최대한 늦게 이것을 받습니다. 
205,3. 나는 공격적인 기동을 피하고 안전한 제한 속도로 운전합니다. ,5. 나는 갑작스러운 도로 상황 변화나 시스템 오작동과 같은 비상 상황에 대응할 준비가 되어 있습니다. 
206,3. 나는 공격적인 기동을 피하고 안전한 제한 속도로 운전합니다. ,32. 나는 자율 주행 내내 안전 벨트를 하고 있습니다. 
207,3. 나는 공격적인 기동을 피하고 안전한 제한 속도로 운전합니다. ,63. 나는 자율주행 중에도 발을 브레이크 근처에 둡니다. 
208,3. 나는 공격적인 기동을 피하고 안전한 제한 속도로 운전합니다. ,31. 나는 자율 주행 동안 핸들 가까이에 손을 둡니다. 
209,3. 나는 공격적인 기동을 피하고 안전한 제한 속도로 운전합니다. ,1. 나는 도로를 적극적으로 관찰하고 후방 거울을 점검하여 자율 주행 시스템을 보조합니다. 
210,3. 나는 공격적인 기동을 피하고 안전한 제한 속도로 운전합니다. ,4. 나는 자동 운전 중에도 제어권 전환에 대한 경각심을 가지고 있습니다. 
211,3. 나는 공격적인 기동을 피하고 안전한 제한 속도로 운전합니다. ,50. 나는 주행에 영향을 미칠 수 있는 상태(약물 복용 등)에서 자율주행 차를 사용합니다. 
212,3. 나는 공격적인 기동을 피하고 안전한 제한 속도로 운전합니다. ,7. 나는 자율 주행 시스템이 완벽하게 처리할 수 있다고 믿고 빙판길이나 미끄러운 도로에서 거침없이 빠르게 운전합니다. 
213,3. 나는 공격적인 기동을 피하고 안전한 제한 속도로 운전합니다. ,49. 나는 자율주행 중 숙면합니다. 
214,3. 나는 공격적인 기동을 피하고 안전한 제한 속도로 운전합니다. ,30. 자율 주행 시스템을 재미로 과속운전 하는 데에 사용합니다. 
215,3. 나는 공격적인 기동을 피하고 안전한 제한 속도로 운전합니다. ,14. 나는 제어권 전환 요청을 무시합니다. 
216,3. 나는 공격적인 기동을 피하고 안전한 제한 속도로 운전합니다. ,48. 나는 자율주행 사용 중 운전자석을 이탈합니다. 
217,3. 나는 공격적인 기동을 피하고 안전한 제한 속도로 운전합니다. ,2. 나는 자율 주행 시스템이 충돌을 방지할 것이라고 가정하고 수동 운전 중에 차량 간 안전 거리를 확보하지 않고 다른 차량을 추월하려고 시도합니다. 
218,3. 나는 공격적인 기동을 피하고 안전한 제한 속도로 운전합니다. ,13. 나는 조건부 자율 주행 차량의 시스템 경고나 알람을 무시합니다. 
219,3. 나는 공격적인 기동을 피하고 안전한 제한 속도로 운전합니다. ,16. 나는 금지되거나 위험한 상황에서 조건부 자율 주행 시스템의 기능의 한계를 테스트하기 위해 의도적으로 시스템을 사용합니다. 
220,3. 나는 공격적인 기동을 피하고 안전한 제한 속도로 운전합니다. ,8. 나는 자율 주행 시스템에 잠재적인 운전자 개입이 필요한 경우에도 비운전과업에 참여합니다. 
221,3. 나는 공격적인 기동을 피하고 안전한 제한 속도로 운전합니다. ,39. 나는 페달에 발을 올리지 않고 다른 곳에 발을 위치하는 (e.g. 아빠다리) 자세를 취합니다. 
222,3. 나는 공격적인 기동을 피하고 안전한 제한 속도로 운전합니다. ,"40. 나는 제어권 전환 등과 같이 직접 운전을 해야 하는 상황에서 시야를 가릴만한 곳에 비운전과업 장치(e.g. 핸드폰, 태블릿)나 물품을 둡니다. "
223,3. 나는 공격적인 기동을 피하고 안전한 제한 속도로 운전합니다. ,12. 나는 조건부 자율 주행 차량의 운영 설계상의 한계를 무시합니다. 
224,3. 나는 공격적인 기동을 피하고 안전한 제한 속도로 운전합니다. ,35. 나는 시각적 주의를 많이 필요로 하는 비운전과업을 선택합니다. 
225,3. 나는 공격적인 기동을 피하고 안전한 제한 속도로 운전합니다. ,44. 나는 자율 주행 기능이 비활성화되어 제어권 전환 요청이 올 때 최대한 늦게 이것을 받습니다. 
226,5. 나는 갑작스러운 도로 상황 변화나 시스템 오작동과 같은 비상 상황에 대응할 준비가 되어 있습니다. ,32. 나는 자율 주행 내내 안전 벨트를 하고 있습니다. 
227,5. 나는 갑작스러운 도로 상황 변화나 시스템 오작동과 같은 비상 상황에 대응할 준비가 되어 있습니다. ,63. 나는 자율주행 중에도 발을 브레이크 근처에 둡니다. 
228,5. 나는 갑작스러운 도로 상황 변화나 시스템 오작동과 같은 비상 상황에 대응할 준비가 되어 있습니다. ,31. 나는 자율 주행 동안 핸들 가까이에 손을 둡니다. 
229,5. 나는 갑작스러운 도로 상황 변화나 시스템 오작동과 같은 비상 상황에 대응할 준비가 되어 있습니다. ,1. 나는 도로를 적극적으로 관찰하고 후방 거울을 점검하여 자율 주행 시스템을 보조합니다. 
230,5. 나는 갑작스러운 도로 상황 변화나 시스템 오작동과 같은 비상 상황에 대응할 준비가 되어 있습니다. ,4. 나는 자동 운전 중에도 제어권 전환에 대한 경각심을 가지고 있습니다. 
231,5. 나는 갑작스러운 도로 상황 변화나 시스템 오작동과 같은 비상 상황에 대응할 준비가 되어 있습니다. ,50. 나는 주행에 영향을 미칠 수 있는 상태(약물 복용 등)에서 자율주행 차를 사용합니다. 
232,5. 나는 갑작스러운 도로 상황 변화나 시스템 오작동과 같은 비상 상황에 대응할 준비가 되어 있습니다. ,7. 나는 자율 주행 시스템이 완벽하게 처리할 수 있다고 믿고 빙판길이나 미끄러운 도로에서 거침없이 빠르게 운전합니다. 
233,5. 나는 갑작스러운 도로 상황 변화나 시스템 오작동과 같은 비상 상황에 대응할 준비가 되어 있습니다. ,49. 나는 자율주행 중 숙면합니다. 
234,5. 나는 갑작스러운 도로 상황 변화나 시스템 오작동과 같은 비상 상황에 대응할 준비가 되어 있습니다. ,30. 자율 주행 시스템을 재미로 과속운전 하는 데에 사용합니다. 
235,5. 나는 갑작스러운 도로 상황 변화나 시스템 오작동과 같은 비상 상황에 대응할 준비가 되어 있습니다. ,14. 나는 제어권 전환 요청을 무시합니다. 
236,5. 나는 갑작스러운 도로 상황 변화나 시스템 오작동과 같은 비상 상황에 대응할 준비가 되어 있습니다. ,48. 나는 자율주행 사용 중 운전자석을 이탈합니다. 
237,5. 나는 갑작스러운 도로 상황 변화나 시스템 오작동과 같은 비상 상황에 대응할 준비가 되어 있습니다. ,2. 나는 자율 주행 시스템이 충돌을 방지할 것이라고 가정하고 수동 운전 중에 차량 간 안전 거리를 확보하지 않고 다른 차량을 추월하려고 시도합니다. 
238,5. 나는 갑작스러운 도로 상황 변화나 시스템 오작동과 같은 비상 상황에 대응할 준비가 되어 있습니다. ,13. 나는 조건부 자율 주행 차량의 시스템 경고나 알람을 무시합니다. 
239,5. 나는 갑작스러운 도로 상황 변화나 시스템 오작동과 같은 비상 상황에 대응할 준비가 되어 있습니다. ,16. 나는 금지되거나 위험한 상황에서 조건부 자율 주행 시스템의 기능의 한계를 테스트하기 위해 의도적으로 시스템을 사용합니다. 
240,5. 나는 갑작스러운 도로 상황 변화나 시스템 오작동과 같은 비상 상황에 대응할 준비가 되어 있습니다. ,8. 나는 자율 주행 시스템에 잠재적인 운전자 개입이 필요한 경우에도 비운전과업에 참여합니다. 
241,5. 나는 갑작스러운 도로 상황 변화나 시스템 오작동과 같은 비상 상황에 대응할 준비가 되어 있습니다. ,39. 나는 페달에 발을 올리지 않고 다른 곳에 발을 위치하는 (e.g. 아빠다리) 자세를 취합니다. 
242,5. 나는 갑작스러운 도로 상황 변화나 시스템 오작동과 같은 비상 상황에 대응할 준비가 되어 있습니다. ,"40. 나는 제어권 전환 등과 같이 직접 운전을 해야 하는 상황에서 시야를 가릴만한 곳에 비운전과업 장치(e.g. 핸드폰, 태블릿)나 물품을 둡니다. "
243,5. 나는 갑작스러운 도로 상황 변화나 시스템 오작동과 같은 비상 상황에 대응할 준비가 되어 있습니다. ,12. 나는 조건부 자율 주행 차량의 운영 설계상의 한계를 무시합니다. 
244,5. 나는 갑작스러운 도로 상황 변화나 시스템 오작동과 같은 비상 상황에 대응할 준비가 되어 있습니다. ,35. 나는 시각적 주의를 많이 필요로 하는 비운전과업을 선택합니다. 
245,5. 나는 갑작스러운 도로 상황 변화나 시스템 오작동과 같은 비상 상황에 대응할 준비가 되어 있습니다. ,44. 나는 자율 주행 기능이 비활성화되어 제어권 전환 요청이 올 때 최대한 늦게 이것을 받습니다. 
246,32. 나는 자율 주행 내내 안전 벨트를 하고 있습니다. ,63. 나는 자율주행 중에도 발을 브레이크 근처에 둡니다. 
247,32. 나는 자율 주행 내내 안전 벨트를 하고 있습니다. ,31. 나는 자율 주행 동안 핸들 가까이에 손을 둡니다. 
248,32. 나는 자율 주행 내내 안전 벨트를 하고 있습니다. ,1. 나는 도로를 적극적으로 관찰하고 후방 거울을 점검하여 자율 주행 시스템을 보조합니다. 
249,32. 나는 자율 주행 내내 안전 벨트를 하고 있습니다. ,4. 나는 자동 운전 중에도 제어권 전환에 대한 경각심을 가지고 있습니다. 
250,32. 나는 자율 주행 내내 안전 벨트를 하고 있습니다. ,50. 나는 주행에 영향을 미칠 수 있는 상태(약물 복용 등)에서 자율주행 차를 사용합니다. 
251,32. 나는 자율 주행 내내 안전 벨트를 하고 있습니다. ,7. 나는 자율 주행 시스템이 완벽하게 처리할 수 있다고 믿고 빙판길이나 미끄러운 도로에서 거침없이 빠르게 운전합니다. 
252,32. 나는 자율 주행 내내 안전 벨트를 하고 있습니다. ,49. 나는 자율주행 중 숙면합니다. 
253,32. 나는 자율 주행 내내 안전 벨트를 하고 있습니다. ,30. 자율 주행 시스템을 재미로 과속운전 하는 데에 사용합니다. 
254,32. 나는 자율 주행 내내 안전 벨트를 하고 있습니다. ,14. 나는 제어권 전환 요청을 무시합니다. 
255,32. 나는 자율 주행 내내 안전 벨트를 하고 있습니다. ,48. 나는 자율주행 사용 중 운전자석을 이탈합니다. 
256,32. 나는 자율 주행 내내 안전 벨트를 하고 있습니다. ,2. 나는 자율 주행 시스템이 충돌을 방지할 것이라고 가정하고 수동 운전 중에 차량 간 안전 거리를 확보하지 않고 다른 차량을 추월하려고 시도합니다. 
257,32. 나는 자율 주행 내내 안전 벨트를 하고 있습니다. ,13. 나는 조건부 자율 주행 차량의 시스템 경고나 알람을 무시합니다. 
258,32. 나는 자율 주행 내내 안전 벨트를 하고 있습니다. ,16. 나는 금지되거나 위험한 상황에서 조건부 자율 주행 시스템의 기능의 한계를 테스트하기 위해 의도적으로 시스템을 사용합니다. 
259,32. 나는 자율 주행 내내 안전 벨트를 하고 있습니다. ,8. 나는 자율 주행 시스템에 잠재적인 운전자 개입이 필요한 경우에도 비운전과업에 참여합니다. 
260,32. 나는 자율 주행 내내 안전 벨트를 하고 있습니다. ,39. 나는 페달에 발을 올리지 않고 다른 곳에 발을 위치하는 (e.g. 아빠다리) 자세를 취합니다. 
261,32. 나는 자율 주행 내내 안전 벨트를 하고 있습니다. ,"40. 나는 제어권 전환 등과 같이 직접 운전을 해야 하는 상황에서 시야를 가릴만한 곳에 비운전과업 장치(e.g. 핸드폰, 태블릿)나 물품을 둡니다. "
262,32. 나는 자율 주행 내내 안전 벨트를 하고 있습니다. ,12. 나는 조건부 자율 주행 차량의 운영 설계상의 한계를 무시합니다. 
263,32. 나는 자율 주행 내내 안전 벨트를 하고 있습니다. ,35. 나는 시각적 주의를 많이 필요로 하는 비운전과업을 선택합니다. 
264,32. 나는 자율 주행 내내 안전 벨트를 하고 있습니다. ,44. 나는 자율 주행 기능이 비활성화되어 제어권 전환 요청이 올 때 최대한 늦게 이것을 받습니다. 
265,63. 나는 자율주행 중에도 발을 브레이크 근처에 둡니다. ,31. 나는 자율 주행 동안 핸들 가까이에 손을 둡니다. 
266,63. 나는 자율주행 중에도 발을 브레이크 근처에 둡니다. ,1. 나는 도로를 적극적으로 관찰하고 후방 거울을 점검하여 자율 주행 시스템을 보조합니다. 
267,63. 나는 자율주행 중에도 발을 브레이크 근처에 둡니다. ,4. 나는 자동 운전 중에도 제어권 전환에 대한 경각심을 가지고 있습니다. 
268,63. 나는 자율주행 중에도 발을 브레이크 근처에 둡니다. ,50. 나는 주행에 영향을 미칠 수 있는 상태(약물 복용 등)에서 자율주행 차를 사용합니다. 
269,63. 나는 자율주행 중에도 발을 브레이크 근처에 둡니다. ,7. 나는 자율 주행 시스템이 완벽하게 처리할 수 있다고 믿고 빙판길이나 미끄러운 도로에서 거침없이 빠르게 운전합니다. 
270,63. 나는 자율주행 중에도 발을 브레이크 근처에 둡니다. ,49. 나는 자율주행 중 숙면합니다. 
271,63. 나는 자율주행 중에도 발을 브레이크 근처에 둡니다. ,30. 자율 주행 시스템을 재미로 과속운전 하는 데에 사용합니다. 
272,63. 나는 자율주행 중에도 발을 브레이크 근처에 둡니다. ,14. 나는 제어권 전환 요청을 무시합니다. 
273,63. 나는 자율주행 중에도 발을 브레이크 근처에 둡니다. ,48. 나는 자율주행 사용 중 운전자석을 이탈합니다. 
274,63. 나는 자율주행 중에도 발을 브레이크 근처에 둡니다. ,2. 나는 자율 주행 시스템이 충돌을 방지할 것이라고 가정하고 수동 운전 중에 차량 간 안전 거리를 확보하지 않고 다른 차량을 추월하려고 시도합니다. 
275,63. 나는 자율주행 중에도 발을 브레이크 근처에 둡니다. ,13. 나는 조건부 자율 주행 차량의 시스템 경고나 알람을 무시합니다. 
276,63. 나는 자율주행 중에도 발을 브레이크 근처에 둡니다. ,16. 나는 금지되거나 위험한 상황에서 조건부 자율 주행 시스템의 기능의 한계를 테스트하기 위해 의도적으로 시스템을 사용합니다. 
277,63. 나는 자율주행 중에도 발을 브레이크 근처에 둡니다. ,8. 나는 자율 주행 시스템에 잠재적인 운전자 개입이 필요한 경우에도 비운전과업에 참여합니다. 
278,63. 나는 자율주행 중에도 발을 브레이크 근처에 둡니다. ,39. 나는 페달에 발을 올리지 않고 다른 곳에 발을 위치하는 (e.g. 아빠다리) 자세를 취합니다. 
279,63. 나는 자율주행 중에도 발을 브레이크 근처에 둡니다. ,"40. 나는 제어권 전환 등과 같이 직접 운전을 해야 하는 상황에서 시야를 가릴만한 곳에 비운전과업 장치(e.g. 핸드폰, 태블릿)나 물품을 둡니다. "
280,63. 나는 자율주행 중에도 발을 브레이크 근처에 둡니다. ,12. 나는 조건부 자율 주행 차량의 운영 설계상의 한계를 무시합니다. 
281,63. 나는 자율주행 중에도 발을 브레이크 근처에 둡니다. ,35. 나는 시각적 주의를 많이 필요로 하는 비운전과업을 선택합니다. 
282,63. 나는 자율주행 중에도 발을 브레이크 근처에 둡니다. ,44. 나는 자율 주행 기능이 비활성화되어 제어권 전환 요청이 올 때 최대한 늦게 이것을 받습니다. 
283,31. 나는 자율 주행 동안 핸들 가까이에 손을 둡니다. ,1. 나는 도로를 적극적으로 관찰하고 후방 거울을 점검하여 자율 주행 시스템을 보조합니다. 
284,31. 나는 자율 주행 동안 핸들 가까이에 손을 둡니다. ,4. 나는 자동 운전 중에도 제어권 전환에 대한 경각심을 가지고 있습니다. 
285,31. 나는 자율 주행 동안 핸들 가까이에 손을 둡니다. ,50. 나는 주행에 영향을 미칠 수 있는 상태(약물 복용 등)에서 자율주행 차를 사용합니다. 
286,31. 나는 자율 주행 동안 핸들 가까이에 손을 둡니다. ,7. 나는 자율 주행 시스템이 완벽하게 처리할 수 있다고 믿고 빙판길이나 미끄러운 도로에서 거침없이 빠르게 운전합니다. 
287,31. 나는 자율 주행 동안 핸들 가까이에 손을 둡니다. ,49. 나는 자율주행 중 숙면합니다. 
288,31. 나는 자율 주행 동안 핸들 가까이에 손을 둡니다. ,30. 자율 주행 시스템을 재미로 과속운전 하는 데에 사용합니다. 
289,31. 나는 자율 주행 동안 핸들 가까이에 손을 둡니다. ,14. 나는 제어권 전환 요청을 무시합니다. 
290,31. 나는 자율 주행 동안 핸들 가까이에 손을 둡니다. ,48. 나는 자율주행 사용 중 운전자석을 이탈합니다. 
291,31. 나는 자율 주행 동안 핸들 가까이에 손을 둡니다. ,2. 나는 자율 주행 시스템이 충돌을 방지할 것이라고 가정하고 수동 운전 중에 차량 간 안전 거리를 확보하지 않고 다른 차량을 추월하려고 시도합니다. 
292,31. 나는 자율 주행 동안 핸들 가까이에 손을 둡니다. ,13. 나는 조건부 자율 주행 차량의 시스템 경고나 알람을 무시합니다. 
293,31. 나는 자율 주행 동안 핸들 가까이에 손을 둡니다. ,16. 나는 금지되거나 위험한 상황에서 조건부 자율 주행 시스템의 기능의 한계를 테스트하기 위해 의도적으로 시스템을 사용합니다. 
294,31. 나는 자율 주행 동안 핸들 가까이에 손을 둡니다. ,8. 나는 자율 주행 시스템에 잠재적인 운전자 개입이 필요한 경우에도 비운전과업에 참여합니다. 
295,31. 나는 자율 주행 동안 핸들 가까이에 손을 둡니다. ,39. 나는 페달에 발을 올리지 않고 다른 곳에 발을 위치하는 (e.g. 아빠다리) 자세를 취합니다. 
296,31. 나는 자율 주행 동안 핸들 가까이에 손을 둡니다. ,"40. 나는 제어권 전환 등과 같이 직접 운전을 해야 하는 상황에서 시야를 가릴만한 곳에 비운전과업 장치(e.g. 핸드폰, 태블릿)나 물품을 둡니다. "
297,31. 나는 자율 주행 동안 핸들 가까이에 손을 둡니다. ,12. 나는 조건부 자율 주행 차량의 운영 설계상의 한계를 무시합니다. 
298,31. 나는 자율 주행 동안 핸들 가까이에 손을 둡니다. ,35. 나는 시각적 주의를 많이 필요로 하는 비운전과업을 선택합니다. 
299,31. 나는 자율 주행 동안 핸들 가까이에 손을 둡니다. ,44. 나는 자율 주행 기능이 비활성화되어 제어권 전환 요청이 올 때 최대한 늦게 이것을 받습니다. 
300,1. 나는 도로를 적극적으로 관찰하고 후방 거울을 점검하여 자율 주행 시스템을 보조합니다. ,4. 나는 자동 운전 중에도 제어권 전환에 대한 경각심을 가지고 있습니다. 
301,1. 나는 도로를 적극적으로 관찰하고 후방 거울을 점검하여 자율 주행 시스템을 보조합니다. ,50. 나는 주행에 영향을 미칠 수 있는 상태(약물 복용 등)에서 자율주행 차를 사용합니다. 
302,1. 나는 도로를 적극적으로 관찰하고 후방 거울을 점검하여 자율 주행 시스템을 보조합니다. ,7. 나는 자율 주행 시스템이 완벽하게 처리할 수 있다고 믿고 빙판길이나 미끄러운 도로에서 거침없이 빠르게 운전합니다. 
303,1. 나는 도로를 적극적으로 관찰하고 후방 거울을 점검하여 자율 주행 시스템을 보조합니다. ,49. 나는 자율주행 중 숙면합니다. 
304,1. 나는 도로를 적극적으로 관찰하고 후방 거울을 점검하여 자율 주행 시스템을 보조합니다. ,30. 자율 주행 시스템을 재미로 과속운전 하는 데에 사용합니다. 
305,1. 나는 도로를 적극적으로 관찰하고 후방 거울을 점검하여 자율 주행 시스템을 보조합니다. ,14. 나는 제어권 전환 요청을 무시합니다. 
306,1. 나는 도로를 적극적으로 관찰하고 후방 거울을 점검하여 자율 주행 시스템을 보조합니다. ,48. 나는 자율주행 사용 중 운전자석을 이탈합니다. 
307,1. 나는 도로를 적극적으로 관찰하고 후방 거울을 점검하여 자율 주행 시스템을 보조합니다. ,2. 나는 자율 주행 시스템이 충돌을 방지할 것이라고 가정하고 수동 운전 중에 차량 간 안전 거리를 확보하지 않고 다른 차량을 추월하려고 시도합니다. 
308,1. 나는 도로를 적극적으로 관찰하고 후방 거울을 점검하여 자율 주행 시스템을 보조합니다. ,13. 나는 조건부 자율 주행 차량의 시스템 경고나 알람을 무시합니다. 
309,1. 나는 도로를 적극적으로 관찰하고 후방 거울을 점검하여 자율 주행 시스템을 보조합니다. ,16. 나는 금지되거나 위험한 상황에서 조건부 자율 주행 시스템의 기능의 한계를 테스트하기 위해 의도적으로 시스템을 사용합니다. 
310,1. 나는 도로를 적극적으로 관찰하고 후방 거울을 점검하여 자율 주행 시스템을 보조합니다. ,8. 나는 자율 주행 시스템에 잠재적인 운전자 개입이 필요한 경우에도 비운전과업에 참여합니다. 
311,1. 나는 도로를 적극적으로 관찰하고 후방 거울을 점검하여 자율 주행 시스템을 보조합니다. ,39. 나는 페달에 발을 올리지 않고 다른 곳에 발을 위치하는 (e.g. 아빠다리) 자세를 취합니다. 
312,1. 나는 도로를 적극적으로 관찰하고 후방 거울을 점검하여 자율 주행 시스템을 보조합니다. ,"40. 나는 제어권 전환 등과 같이 직접 운전을 해야 하는 상황에서 시야를 가릴만한 곳에 비운전과업 장치(e.g. 핸드폰, 태블릿)나 물품을 둡니다. "
313,1. 나는 도로를 적극적으로 관찰하고 후방 거울을 점검하여 자율 주행 시스템을 보조합니다. ,12. 나는 조건부 자율 주행 차량의 운영 설계상의 한계를 무시합니다. 
314,1. 나는 도로를 적극적으로 관찰하고 후방 거울을 점검하여 자율 주행 시스템을 보조합니다. ,35. 나는 시각적 주의를 많이 필요로 하는 비운전과업을 선택합니다. 
315,1. 나는 도로를 적극적으로 관찰하고 후방 거울을 점검하여 자율 주행 시스템을 보조합니다. ,44. 나는 자율 주행 기능이 비활성화되어 제어권 전환 요청이 올 때 최대한 늦게 이것을 받습니다. 
316,4. 나는 자동 운전 중에도 제어권 전환에 대한 경각심을 가지고 있습니다. ,50. 나는 주행에 영향을 미칠 수 있는 상태(약물 복용 등)에서 자율주행 차를 사용합니다. 
317,4. 나는 자동 운전 중에도 제어권 전환에 대한 경각심을 가지고 있습니다. ,7. 나는 자율 주행 시스템이 완벽하게 처리할 수 있다고 믿고 빙판길이나 미끄러운 도로에서 거침없이 빠르게 운전합니다. 
318,4. 나는 자동 운전 중에도 제어권 전환에 대한 경각심을 가지고 있습니다. ,49. 나는 자율주행 중 숙면합니다. 
319,4. 나는 자동 운전 중에도 제어권 전환에 대한 경각심을 가지고 있습니다. ,30. 자율 주행 시스템을 재미로 과속운전 하는 데에 사용합니다. 
320,4. 나는 자동 운전 중에도 제어권 전환에 대한 경각심을 가지고 있습니다. ,14. 나는 제어권 전환 요청을 무시합니다. 
321,4. 나는 자동 운전 중에도 제어권 전환에 대한 경각심을 가지고 있습니다. ,48. 나는 자율주행 사용 중 운전자석을 이탈합니다. 
322,4. 나는 자동 운전 중에도 제어권 전환에 대한 경각심을 가지고 있습니다. ,2. 나는 자율 주행 시스템이 충돌을 방지할 것이라고 가정하고 수동 운전 중에 차량 간 안전 거리를 확보하지 않고 다른 차량을 추월하려고 시도합니다. 
323,4. 나는 자동 운전 중에도 제어권 전환에 대한 경각심을 가지고 있습니다. ,13. 나는 조건부 자율 주행 차량의 시스템 경고나 알람을 무시합니다. 
324,4. 나는 자동 운전 중에도 제어권 전환에 대한 경각심을 가지고 있습니다. ,16. 나는 금지되거나 위험한 상황에서 조건부 자율 주행 시스템의 기능의 한계를 테스트하기 위해 의도적으로 시스템을 사용합니다. 
325,4. 나는 자동 운전 중에도 제어권 전환에 대한 경각심을 가지고 있습니다. ,8. 나는 자율 주행 시스템에 잠재적인 운전자 개입이 필요한 경우에도 비운전과업에 참여합니다. 
326,4. 나는 자동 운전 중에도 제어권 전환에 대한 경각심을 가지고 있습니다. ,39. 나는 페달에 발을 올리지 않고 다른 곳에 발을 위치하는 (e.g. 아빠다리) 자세를 취합니다. 
327,4. 나는 자동 운전 중에도 제어권 전환에 대한 경각심을 가지고 있습니다. ,"40. 나는 제어권 전환 등과 같이 직접 운전을 해야 하는 상황에서 시야를 가릴만한 곳에 비운전과업 장치(e.g. 핸드폰, 태블릿)나 물품을 둡니다. "
328,4. 나는 자동 운전 중에도 제어권 전환에 대한 경각심을 가지고 있습니다. ,12. 나는 조건부 자율 주행 차량의 운영 설계상의 한계를 무시합니다. 
329,4. 나는 자동 운전 중에도 제어권 전환에 대한 경각심을 가지고 있습니다. ,35. 나는 시각적 주의를 많이 필요로 하는 비운전과업을 선택합니다. 
330,4. 나는 자동 운전 중에도 제어권 전환에 대한 경각심을 가지고 있습니다. ,44. 나는 자율 주행 기능이 비활성화되어 제어권 전환 요청이 올 때 최대한 늦게 이것을 받습니다. 
331,50. 나는 주행에 영향을 미칠 수 있는 상태(약물 복용 등)에서 자율주행 차를 사용합니다. ,7. 나는 자율 주행 시스템이 완벽하게 처리할 수 있다고 믿고 빙판길이나 미끄러운 도로에서 거침없이 빠르게 운전합니다. 
332,50. 나는 주행에 영향을 미칠 수 있는 상태(약물 복용 등)에서 자율주행 차를 사용합니다. ,49. 나는 자율주행 중 숙면합니다. 
333,50. 나는 주행에 영향을 미칠 수 있는 상태(약물 복용 등)에서 자율주행 차를 사용합니다. ,30. 자율 주행 시스템을 재미로 과속운전 하는 데에 사용합니다. 
334,50. 나는 주행에 영향을 미칠 수 있는 상태(약물 복용 등)에서 자율주행 차를 사용합니다. ,14. 나는 제어권 전환 요청을 무시합니다. 
335,50. 나는 주행에 영향을 미칠 수 있는 상태(약물 복용 등)에서 자율주행 차를 사용합니다. ,48. 나는 자율주행 사용 중 운전자석을 이탈합니다. 
336,50. 나는 주행에 영향을 미칠 수 있는 상태(약물 복용 등)에서 자율주행 차를 사용합니다. ,2. 나는 자율 주행 시스템이 충돌을 방지할 것이라고 가정하고 수동 운전 중에 차량 간 안전 거리를 확보하지 않고 다른 차량을 추월하려고 시도합니다. 
337,50. 나는 주행에 영향을 미칠 수 있는 상태(약물 복용 등)에서 자율주행 차를 사용합니다. ,13. 나는 조건부 자율 주행 차량의 시스템 경고나 알람을 무시합니다. 
338,50. 나는 주행에 영향을 미칠 수 있는 상태(약물 복용 등)에서 자율주행 차를 사용합니다. ,16. 나는 금지되거나 위험한 상황에서 조건부 자율 주행 시스템의 기능의 한계를 테스트하기 위해 의도적으로 시스템을 사용합니다. 
339,50. 나는 주행에 영향을 미칠 수 있는 상태(약물 복용 등)에서 자율주행 차를 사용합니다. ,8. 나는 자율 주행 시스템에 잠재적인 운전자 개입이 필요한 경우에도 비운전과업에 참여합니다. 
340,50. 나는 주행에 영향을 미칠 수 있는 상태(약물 복용 등)에서 자율주행 차를 사용합니다. ,39. 나는 페달에 발을 올리지 않고 다른 곳에 발을 위치하는 (e.g. 아빠다리) 자세를 취합니다. 
341,50. 나는 주행에 영향을 미칠 수 있는 상태(약물 복용 등)에서 자율주행 차를 사용합니다. ,"40. 나는 제어권 전환 등과 같이 직접 운전을 해야 하는 상황에서 시야를 가릴만한 곳에 비운전과업 장치(e.g. 핸드폰, 태블릿)나 물품을 둡니다. "
342,50. 나는 주행에 영향을 미칠 수 있는 상태(약물 복용 등)에서 자율주행 차를 사용합니다. ,12. 나는 조건부 자율 주행 차량의 운영 설계상의 한계를 무시합니다. 
343,50. 나는 주행에 영향을 미칠 수 있는 상태(약물 복용 등)에서 자율주행 차를 사용합니다. ,35. 나는 시각적 주의를 많이 필요로 하는 비운전과업을 선택합니다. 
344,50. 나는 주행에 영향을 미칠 수 있는 상태(약물 복용 등)에서 자율주행 차를 사용합니다. ,44. 나는 자율 주행 기능이 비활성화되어 제어권 전환 요청이 올 때 최대한 늦게 이것을 받습니다. 
345,7. 나는 자율 주행 시스템이 완벽하게 처리할 수 있다고 믿고 빙판길이나 미끄러운 도로에서 거침없이 빠르게 운전합니다. ,49. 나는 자율주행 중 숙면합니다. 
346,7. 나는 자율 주행 시스템이 완벽하게 처리할 수 있다고 믿고 빙판길이나 미끄러운 도로에서 거침없이 빠르게 운전합니다. ,30. 자율 주행 시스템을 재미로 과속운전 하는 데에 사용합니다. 
347,7. 나는 자율 주행 시스템이 완벽하게 처리할 수 있다고 믿고 빙판길이나 미끄러운 도로에서 거침없이 빠르게 운전합니다. ,14. 나는 제어권 전환 요청을 무시합니다. 
348,7. 나는 자율 주행 시스템이 완벽하게 처리할 수 있다고 믿고 빙판길이나 미끄러운 도로에서 거침없이 빠르게 운전합니다. ,48. 나는 자율주행 사용 중 운전자석을 이탈합니다. 
349,7. 나는 자율 주행 시스템이 완벽하게 처리할 수 있다고 믿고 빙판길이나 미끄러운 도로에서 거침없이 빠르게 운전합니다. ,2. 나는 자율 주행 시스템이 충돌을 방지할 것이라고 가정하고 수동 운전 중에 차량 간 안전 거리를 확보하지 않고 다른 차량을 추월하려고 시도합니다. 
350,7. 나는 자율 주행 시스템이 완벽하게 처리할 수 있다고 믿고 빙판길이나 미끄러운 도로에서 거침없이 빠르게 운전합니다. ,13. 나는 조건부 자율 주행 차량의 시스템 경고나 알람을 무시합니다. 
351,7. 나는 자율 주행 시스템이 완벽하게 처리할 수 있다고 믿고 빙판길이나 미끄러운 도로에서 거침없이 빠르게 운전합니다. ,16. 나는 금지되거나 위험한 상황에서 조건부 자율 주행 시스템의 기능의 한계를 테스트하기 위해 의도적으로 시스템을 사용합니다. 
352,7. 나는 자율 주행 시스템이 완벽하게 처리할 수 있다고 믿고 빙판길이나 미끄러운 도로에서 거침없이 빠르게 운전합니다. ,8. 나는 자율 주행 시스템에 잠재적인 운전자 개입이 필요한 경우에도 비운전과업에 참여합니다. 
353,7. 나는 자율 주행 시스템이 완벽하게 처리할 수 있다고 믿고 빙판길이나 미끄러운 도로에서 거침없이 빠르게 운전합니다. ,39. 나는 페달에 발을 올리지 않고 다른 곳에 발을 위치하는 (e.g. 아빠다리) 자세를 취합니다. 
354,7. 나는 자율 주행 시스템이 완벽하게 처리할 수 있다고 믿고 빙판길이나 미끄러운 도로에서 거침없이 빠르게 운전합니다. ,"40. 나는 제어권 전환 등과 같이 직접 운전을 해야 하는 상황에서 시야를 가릴만한 곳에 비운전과업 장치(e.g. 핸드폰, 태블릿)나 물품을 둡니다. "
355,7. 나는 자율 주행 시스템이 완벽하게 처리할 수 있다고 믿고 빙판길이나 미끄러운 도로에서 거침없이 빠르게 운전합니다. ,12. 나는 조건부 자율 주행 차량의 운영 설계상의 한계를 무시합니다. 
356,7. 나는 자율 주행 시스템이 완벽하게 처리할 수 있다고 믿고 빙판길이나 미끄러운 도로에서 거침없이 빠르게 운전합니다. ,35. 나는 시각적 주의를 많이 필요로 하는 비운전과업을 선택합니다. 
357,7. 나는 자율 주행 시스템이 완벽하게 처리할 수 있다고 믿고 빙판길이나 미끄러운 도로에서 거침없이 빠르게 운전합니다. ,44. 나는 자율 주행 기능이 비활성화되어 제어권 전환 요청이 올 때 최대한 늦게 이것을 받습니다. 
358,49. 나는 자율주행 중 숙면합니다. ,30. 자율 주행 시스템을 재미로 과속운전 하는 데에 사용합니다. 
359,49. 나는 자율주행 중 숙면합니다. ,14. 나는 제어권 전환 요청을 무시합니다. 
360,49. 나는 자율주행 중 숙면합니다. ,48. 나는 자율주행 사용 중 운전자석을 이탈합니다. 
361,49. 나는 자율주행 중 숙면합니다. ,2. 나는 자율 주행 시스템이 충돌을 방지할 것이라고 가정하고 수동 운전 중에 차량 간 안전 거리를 확보하지 않고 다른 차량을 추월하려고 시도합니다. 
362,49. 나는 자율주행 중 숙면합니다. ,13. 나는 조건부 자율 주행 차량의 시스템 경고나 알람을 무시합니다. 
363,49. 나는 자율주행 중 숙면합니다. ,16. 나는 금지되거나 위험한 상황에서 조건부 자율 주행 시스템의 기능의 한계를 테스트하기 위해 의도적으로 시스템을 사용합니다. 
364,49. 나는 자율주행 중 숙면합니다. ,8. 나는 자율 주행 시스템에 잠재적인 운전자 개입이 필요한 경우에도 비운전과업에 참여합니다. 
365,49. 나는 자율주행 중 숙면합니다. ,39. 나는 페달에 발을 올리지 않고 다른 곳에 발을 위치하는 (e.g. 아빠다리) 자세를 취합니다. 
366,49. 나는 자율주행 중 숙면합니다. ,"40. 나는 제어권 전환 등과 같이 직접 운전을 해야 하는 상황에서 시야를 가릴만한 곳에 비운전과업 장치(e.g. 핸드폰, 태블릿)나 물품을 둡니다. "
367,49. 나는 자율주행 중 숙면합니다. ,12. 나는 조건부 자율 주행 차량의 운영 설계상의 한계를 무시합니다. 
368,49. 나는 자율주행 중 숙면합니다. ,35. 나는 시각적 주의를 많이 필요로 하는 비운전과업을 선택합니다. 
369,49. 나는 자율주행 중 숙면합니다. ,44. 나는 자율 주행 기능이 비활성화되어 제어권 전환 요청이 올 때 최대한 늦게 이것을 받습니다. 
370,30. 자율 주행 시스템을 재미로 과속운전 하는 데에 사용합니다. ,14. 나는 제어권 전환 요청을 무시합니다. 
371,30. 자율 주행 시스템을 재미로 과속운전 하는 데에 사용합니다. ,48. 나는 자율주행 사용 중 운전자석을 이탈합니다. 
372,30. 자율 주행 시스템을 재미로 과속운전 하는 데에 사용합니다. ,2. 나는 자율 주행 시스템이 충돌을 방지할 것이라고 가정하고 수동 운전 중에 차량 간 안전 거리를 확보하지 않고 다른 차량을 추월하려고 시도합니다. 
373,30. 자율 주행 시스템을 재미로 과속운전 하는 데에 사용합니다. ,13. 나는 조건부 자율 주행 차량의 시스템 경고나 알람을 무시합니다. 
374,30. 자율 주행 시스템을 재미로 과속운전 하는 데에 사용합니다. ,16. 나는 금지되거나 위험한 상황에서 조건부 자율 주행 시스템의 기능의 한계를 테스트하기 위해 의도적으로 시스템을 사용합니다. 
375,30. 자율 주행 시스템을 재미로 과속운전 하는 데에 사용합니다. ,8. 나는 자율 주행 시스템에 잠재적인 운전자 개입이 필요한 경우에도 비운전과업에 참여합니다. 
376,30. 자율 주행 시스템을 재미로 과속운전 하는 데에 사용합니다. ,39. 나는 페달에 발을 올리지 않고 다른 곳에 발을 위치하는 (e.g. 아빠다리) 자세를 취합니다. 
377,30. 자율 주행 시스템을 재미로 과속운전 하는 데에 사용합니다. ,"40. 나는 제어권 전환 등과 같이 직접 운전을 해야 하는 상황에서 시야를 가릴만한 곳에 비운전과업 장치(e.g. 핸드폰, 태블릿)나 물품을 둡니다. "
378,30. 자율 주행 시스템을 재미로 과속운전 하는 데에 사용합니다. ,12. 나는 조건부 자율 주행 차량의 운영 설계상의 한계를 무시합니다. 
379,30. 자율 주행 시스템을 재미로 과속운전 하는 데에 사용합니다. ,35. 나는 시각적 주의를 많이 필요로 하는 비운전과업을 선택합니다. 
380,30. 자율 주행 시스템을 재미로 과속운전 하는 데에 사용합니다. ,44. 나는 자율 주행 기능이 비활성화되어 제어권 전환 요청이 올 때 최대한 늦게 이것을 받습니다. 
381,14. 나는 제어권 전환 요청을 무시합니다. ,48. 나는 자율주행 사용 중 운전자석을 이탈합니다. 
382,14. 나는 제어권 전환 요청을 무시합니다. ,2. 나는 자율 주행 시스템이 충돌을 방지할 것이라고 가정하고 수동 운전 중에 차량 간 안전 거리를 확보하지 않고 다른 차량을 추월하려고 시도합니다. 
383,14. 나는 제어권 전환 요청을 무시합니다. ,13. 나는 조건부 자율 주행 차량의 시스템 경고나 알람을 무시합니다. 
384,14. 나는 제어권 전환 요청을 무시합니다. ,16. 나는 금지되거나 위험한 상황에서 조건부 자율 주행 시스템의 기능의 한계를 테스트하기 위해 의도적으로 시스템을 사용합니다. 
385,14. 나는 제어권 전환 요청을 무시합니다. ,8. 나는 자율 주행 시스템에 잠재적인 운전자 개입이 필요한 경우에도 비운전과업에 참여합니다. 
386,14. 나는 제어권 전환 요청을 무시합니다. ,39. 나는 페달에 발을 올리지 않고 다른 곳에 발을 위치하는 (e.g. 아빠다리) 자세를 취합니다. 
387,14. 나는 제어권 전환 요청을 무시합니다. ,"40. 나는 제어권 전환 등과 같이 직접 운전을 해야 하는 상황에서 시야를 가릴만한 곳에 비운전과업 장치(e.g. 핸드폰, 태블릿)나 물품을 둡니다. "
388,14. 나는 제어권 전환 요청을 무시합니다. ,12. 나는 조건부 자율 주행 차량의 운영 설계상의 한계를 무시합니다. 
389,14. 나는 제어권 전환 요청을 무시합니다. ,35. 나는 시각적 주의를 많이 필요로 하는 비운전과업을 선택합니다. 
390,14. 나는 제어권 전환 요청을 무시합니다. ,44. 나는 자율 주행 기능이 비활성화되어 제어권 전환 요청이 올 때 최대한 늦게 이것을 받습니다. 
391,48. 나는 자율주행 사용 중 운전자석을 이탈합니다. ,2. 나는 자율 주행 시스템이 충돌을 방지할 것이라고 가정하고 수동 운전 중에 차량 간 안전 거리를 확보하지 않고 다른 차량을 추월하려고 시도합니다. 
392,48. 나는 자율주행 사용 중 운전자석을 이탈합니다. ,13. 나는 조건부 자율 주행 차량의 시스템 경고나 알람을 무시합니다. 
393,48. 나는 자율주행 사용 중 운전자석을 이탈합니다. ,16. 나는 금지되거나 위험한 상황에서 조건부 자율 주행 시스템의 기능의 한계를 테스트하기 위해 의도적으로 시스템을 사용합니다. 
394,48. 나는 자율주행 사용 중 운전자석을 이탈합니다. ,8. 나는 자율 주행 시스템에 잠재적인 운전자 개입이 필요한 경우에도 비운전과업에 참여합니다. 
395,48. 나는 자율주행 사용 중 운전자석을 이탈합니다. ,39. 나는 페달에 발을 올리지 않고 다른 곳에 발을 위치하는 (e.g. 아빠다리) 자세를 취합니다. 
396,48. 나는 자율주행 사용 중 운전자석을 이탈합니다. ,"40. 나는 제어권 전환 등과 같이 직접 운전을 해야 하는 상황에서 시야를 가릴만한 곳에 비운전과업 장치(e.g. 핸드폰, 태블릿)나 물품을 둡니다. "
397,48. 나는 자율주행 사용 중 운전자석을 이탈합니다. ,12. 나는 조건부 자율 주행 차량의 운영 설계상의 한계를 무시합니다. 
398,48. 나는 자율주행 사용 중 운전자석을 이탈합니다. ,35. 나는 시각적 주의를 많이 필요로 하는 비운전과업을 선택합니다. 
399,48. 나는 자율주행 사용 중 운전자석을 이탈합니다. ,44. 나는 자율 주행 기능이 비활성화되어 제어권 전환 요청이 올 때 최대한 늦게 이것을 받습니다. 
400,2. 나는 자율 주행 시스템이 충돌을 방지할 것이라고 가정하고 수동 운전 중에 차량 간 안전 거리를 확보하지 않고 다른 차량을 추월하려고 시도합니다. ,13. 나는 조건부 자율 주행 차량의 시스템 경고나 알람을 무시합니다. 
401,2. 나는 자율 주행 시스템이 충돌을 방지할 것이라고 가정하고 수동 운전 중에 차량 간 안전 거리를 확보하지 않고 다른 차량을 추월하려고 시도합니다. ,16. 나는 금지되거나 위험한 상황에서 조건부 자율 주행 시스템의 기능의 한계를 테스트하기 위해 의도적으로 시스템을 사용합니다. 
402,2. 나는 자율 주행 시스템이 충돌을 방지할 것이라고 가정하고 수동 운전 중에 차량 간 안전 거리를 확보하지 않고 다른 차량을 추월하려고 시도합니다. ,8. 나는 자율 주행 시스템에 잠재적인 운전자 개입이 필요한 경우에도 비운전과업에 참여합니다. 
403,2. 나는 자율 주행 시스템이 충돌을 방지할 것이라고 가정하고 수동 운전 중에 차량 간 안전 거리를 확보하지 않고 다른 차량을 추월하려고 시도합니다. ,39. 나는 페달에 발을 올리지 않고 다른 곳에 발을 위치하는 (e.g. 아빠다리) 자세를 취합니다. 
404,2. 나는 자율 주행 시스템이 충돌을 방지할 것이라고 가정하고 수동 운전 중에 차량 간 안전 거리를 확보하지 않고 다른 차량을 추월하려고 시도합니다. ,"40. 나는 제어권 전환 등과 같이 직접 운전을 해야 하는 상황에서 시야를 가릴만한 곳에 비운전과업 장치(e.g. 핸드폰, 태블릿)나 물품을 둡니다. "
405,2. 나는 자율 주행 시스템이 충돌을 방지할 것이라고 가정하고 수동 운전 중에 차량 간 안전 거리를 확보하지 않고 다른 차량을 추월하려고 시도합니다. ,12. 나는 조건부 자율 주행 차량의 운영 설계상의 한계를 무시합니다. 
406,2. 나는 자율 주행 시스템이 충돌을 방지할 것이라고 가정하고 수동 운전 중에 차량 간 안전 거리를 확보하지 않고 다른 차량을 추월하려고 시도합니다. ,35. 나는 시각적 주의를 많이 필요로 하는 비운전과업을 선택합니다. 
407,2. 나는 자율 주행 시스템이 충돌을 방지할 것이라고 가정하고 수동 운전 중에 차량 간 안전 거리를 확보하지 않고 다른 차량을 추월하려고 시도합니다. ,44. 나는 자율 주행 기능이 비활성화되어 제어권 전환 요청이 올 때 최대한 늦게 이것을 받습니다. 
408,13. 나는 조건부 자율 주행 차량의 시스템 경고나 알람을 무시합니다. ,16. 나는 금지되거나 위험한 상황에서 조건부 자율 주행 시스템의 기능의 한계를 테스트하기 위해 의도적으로 시스템을 사용합니다. 
409,13. 나는 조건부 자율 주행 차량의 시스템 경고나 알람을 무시합니다. ,8. 나는 자율 주행 시스템에 잠재적인 운전자 개입이 필요한 경우에도 비운전과업에 참여합니다. 
410,13. 나는 조건부 자율 주행 차량의 시스템 경고나 알람을 무시합니다. ,39. 나는 페달에 발을 올리지 않고 다른 곳에 발을 위치하는 (e.g. 아빠다리) 자세를 취합니다. 
411,13. 나는 조건부 자율 주행 차량의 시스템 경고나 알람을 무시합니다. ,"40. 나는 제어권 전환 등과 같이 직접 운전을 해야 하는 상황에서 시야를 가릴만한 곳에 비운전과업 장치(e.g. 핸드폰, 태블릿)나 물품을 둡니다. "
412,13. 나는 조건부 자율 주행 차량의 시스템 경고나 알람을 무시합니다. ,12. 나는 조건부 자율 주행 차량의 운영 설계상의 한계를 무시합니다. 
413,13. 나는 조건부 자율 주행 차량의 시스템 경고나 알람을 무시합니다. ,35. 나는 시각적 주의를 많이 필요로 하는 비운전과업을 선택합니다. 
414,13. 나는 조건부 자율 주행 차량의 시스템 경고나 알람을 무시합니다. ,44. 나는 자율 주행 기능이 비활성화되어 제어권 전환 요청이 올 때 최대한 늦게 이것을 받습니다. 
415,16. 나는 금지되거나 위험한 상황에서 조건부 자율 주행 시스템의 기능의 한계를 테스트하기 위해 의도적으로 시스템을 사용합니다. ,8. 나는 자율 주행 시스템에 잠재적인 운전자 개입이 필요한 경우에도 비운전과업에 참여합니다. 
416,16. 나는 금지되거나 위험한 상황에서 조건부 자율 주행 시스템의 기능의 한계를 테스트하기 위해 의도적으로 시스템을 사용합니다. ,39. 나는 페달에 발을 올리지 않고 다른 곳에 발을 위치하는 (e.g. 아빠다리) 자세를 취합니다. 
417,16. 나는 금지되거나 위험한 상황에서 조건부 자율 주행 시스템의 기능의 한계를 테스트하기 위해 의도적으로 시스템을 사용합니다. ,"40. 나는 제어권 전환 등과 같이 직접 운전을 해야 하는 상황에서 시야를 가릴만한 곳에 비운전과업 장치(e.g. 핸드폰, 태블릿)나 물품을 둡니다. "
418,16. 나는 금지되거나 위험한 상황에서 조건부 자율 주행 시스템의 기능의 한계를 테스트하기 위해 의도적으로 시스템을 사용합니다. ,12. 나는 조건부 자율 주행 차량의 운영 설계상의 한계를 무시합니다. 
419,16. 나는 금지되거나 위험한 상황에서 조건부 자율 주행 시스템의 기능의 한계를 테스트하기 위해 의도적으로 시스템을 사용합니다. ,35. 나는 시각적 주의를 많이 필요로 하는 비운전과업을 선택합니다. 
420,16. 나는 금지되거나 위험한 상황에서 조건부 자율 주행 시스템의 기능의 한계를 테스트하기 위해 의도적으로 시스템을 사용합니다. ,44. 나는 자율 주행 기능이 비활성화되어 제어권 전환 요청이 올 때 최대한 늦게 이것을 받습니다. 
421,8. 나는 자율 주행 시스템에 잠재적인 운전자 개입이 필요한 경우에도 비운전과업에 참여합니다. ,39. 나는 페달에 발을 올리지 않고 다른 곳에 발을 위치하는 (e.g. 아빠다리) 자세를 취합니다. 
422,8. 나는 자율 주행 시스템에 잠재적인 운전자 개입이 필요한 경우에도 비운전과업에 참여합니다. ,"40. 나는 제어권 전환 등과 같이 직접 운전을 해야 하는 상황에서 시야를 가릴만한 곳에 비운전과업 장치(e.g. 핸드폰, 태블릿)나 물품을 둡니다. "
423,8. 나는 자율 주행 시스템에 잠재적인 운전자 개입이 필요한 경우에도 비운전과업에 참여합니다. ,12. 나는 조건부 자율 주행 차량의 운영 설계상의 한계를 무시합니다. 
424,8. 나는 자율 주행 시스템에 잠재적인 운전자 개입이 필요한 경우에도 비운전과업에 참여합니다. ,35. 나는 시각적 주의를 많이 필요로 하는 비운전과업을 선택합니다. 
425,8. 나는 자율 주행 시스템에 잠재적인 운전자 개입이 필요한 경우에도 비운전과업에 참여합니다. ,44. 나는 자율 주행 기능이 비활성화되어 제어권 전환 요청이 올 때 최대한 늦게 이것을 받습니다. 
426,39. 나는 페달에 발을 올리지 않고 다른 곳에 발을 위치하는 (e.g. 아빠다리) 자세를 취합니다. ,"40. 나는 제어권 전환 등과 같이 직접 운전을 해야 하는 상황에서 시야를 가릴만한 곳에 비운전과업 장치(e.g. 핸드폰, 태블릿)나 물품을 둡니다. "
427,39. 나는 페달에 발을 올리지 않고 다른 곳에 발을 위치하는 (e.g. 아빠다리) 자세를 취합니다. ,12. 나는 조건부 자율 주행 차량의 운영 설계상의 한계를 무시합니다. 
428,39. 나는 페달에 발을 올리지 않고 다른 곳에 발을 위치하는 (e.g. 아빠다리) 자세를 취합니다. ,35. 나는 시각적 주의를 많이 필요로 하는 비운전과업을 선택합니다. 
429,39. 나는 페달에 발을 올리지 않고 다른 곳에 발을 위치하는 (e.g. 아빠다리) 자세를 취합니다. ,44. 나는 자율 주행 기능이 비활성화되어 제어권 전환 요청이 올 때 최대한 늦게 이것을 받습니다. 
430,"40. 나는 제어권 전환 등과 같이 직접 운전을 해야 하는 상황에서 시야를 가릴만한 곳에 비운전과업 장치(e.g. 핸드폰, 태블릿)나 물품을 둡니다. ",12. 나는 조건부 자율 주행 차량의 운영 설계상의 한계를 무시합니다. 
431,"40. 나는 제어권 전환 등과 같이 직접 운전을 해야 하는 상황에서 시야를 가릴만한 곳에 비운전과업 장치(e.g. 핸드폰, 태블릿)나 물품을 둡니다. ",35. 나는 시각적 주의를 많이 필요로 하는 비운전과업을 선택합니다. 
432,"40. 나는 제어권 전환 등과 같이 직접 운전을 해야 하는 상황에서 시야를 가릴만한 곳에 비운전과업 장치(e.g. 핸드폰, 태블릿)나 물품을 둡니다. ",44. 나는 자율 주행 기능이 비활성화되어 제어권 전환 요청이 올 때 최대한 늦게 이것을 받습니다. 
433,12. 나는 조건부 자율 주행 차량의 운영 설계상의 한계를 무시합니다. ,35. 나는 시각적 주의를 많이 필요로 하는 비운전과업을 선택합니다. 
434,12. 나는 조건부 자율 주행 차량의 운영 설계상의 한계를 무시합니다. ,44. 나는 자율 주행 기능이 비활성화되어 제어권 전환 요청이 올 때 최대한 늦게 이것을 받습니다. 
435,35. 나는 시각적 주의를 많이 필요로 하는 비운전과업을 선택합니다. ,44. 나는 자율 주행 기능이 비활성화되어 제어권 전환 요청이 올 때 최대한 늦게 이것을 받습니다. 
